,userId,userName,hasTwitter,hasFacebook,hasGitHub
windhole,windhole,Ko Kazaana,True,True,True
y_okady,y_okady,y_okady,True,True,False
miyajan,miyajan,miyajan,True,True,True
ymmt2005,ymmt2005,ymmt2005,True,False,True
sukoyakarizumu,sukoyakarizumu,sukoyakarizumu,True,False,False
TakashiUshirosako,TakashiUshirosako,Ushirosako Takashi,True,True,False
YukiHagizawa,YukiHagizawa,Yuki Hagizawa,False,True,False
vaccho,vaccho,vaccho,True,False,False
YasuharuSakai,YasuharuSakai,YasuharuSakai,True,False,False
k-mizuno,k-mizuno,k-mizuno,False,False,False
styt88,styt88,styt88,False,True,False
jhasepyon,jhasepyon,jhasepyon,False,False,False
naruta,naruta,naruta,False,False,False
oogFranz,oogFranz,ysugiyama,True,False,True
CybozuInsideOut,CybozuInsideOut,Cybozu InsideOut,True,False,False
butterflyfish,butterflyfish,butterflyfish,True,False,False
Mt_blue81,Mt_blue81,Mt_blue81,True,False,False
rdlabo,rdlabo,Masahiko Sakakibara,True,True,True
nano,nano,nano,True,False,False
r_fujimoto,r_fujimoto,r_fujimoto,True,False,False
SadaakiEmura,SadaakiEmura,SadaakiEmura,False,True,False
zaki-yama,zaki-yama,Shingo Yamazaki,True,False,True
wakki,wakki,wk,False,False,False
snowoy,snowoy,snowoy,False,False,True
KenjiHazuki,KenjiHazuki,KenjiHazuki,False,True,False
HiroshiSekiya,HiroshiSekiya,Hiroshi Sekiya,False,True,False
chalkygames123,chalkygames123,Takuya Fukuju,True,True,True
yamaryu0508,yamaryu0508,Ryu Yamashita,False,True,False
mo053_7,mo053_7,mo053_7,True,False,False
nobuyuki50,nobuyuki50,nobuyuki50,False,False,False
tango,tango,tan,False,False,False
shunpi114,shunpi114,shunpi114,True,False,False
chrofieyue,chrofieyue,chrofieyue,True,False,True
shuntaro_hara_1,shuntaro_hara_1,\xe3\x81\xaf\xe3\x82\x89\xe3\x81\x97\xe3\x82\x85\xe3\x82\x93,True,False,False
bells17_,bells17_,bells17_,True,False,True
Wizard_of_Oz__,Wizard_of_Oz__,Wizard_of_Oz__,True,False,False
msfukui,msfukui,msfukui,True,False,False
kitazaki,kitazaki,kitazaki,True,True,True
radiocatz,radiocatz,radiocat,True,False,True
tama3bb,tama3bb,tama3bb,True,False,True
Hayato_Yamauchi,Hayato_Yamauchi,naruohama,True,False,False
hidemusiam1,hidemusiam1,tomo_u,True,False,False
chimame,chimame,chimame,True,False,True
yoshi_,yoshi_,yoshi,False,True,False
hirosuzuki,hirosuzuki,hirosuzuki,True,False,False
syousa1982,syousa1982,\xe3\x81\x97\xe3\x82\x87\xe3\x83\xbc\xe3\x81\x95,True,True,True
k2_wanko,k2_wanko,\xe3\x82\xb3\xe3\x82\xad\xe3\x83\x81\xe3\x83\xbc\xe3\x82\xba,True,True,True
shoito,shoito,shoito,True,True,True
fuyuko_ikeguchi,fuyuko_ikeguchi,fuyuko_ikeguchi,True,True,False
ahaha0807_alg,ahaha0807_alg,\xe3\x81\x8c\xe3\x81\xa3\xe3\x81\xa1\xe3\x82\x83\xe3\x82\x93,True,True,True
hasegawayosuke,hasegawayosuke,hasegawayosuke,True,False,False
ita_3y,ita_3y,ita_3y,True,False,True
yusuke_oohira_7,yusuke_oohira_7,yusuke_oohira_7,False,True,False
nihonbuson,nihonbuson,nihonbuson,True,False,False
csasaki,csasaki,csasaki,True,False,False
HiroyukiTakahashi,HiroyukiTakahashi,HiroyukiTakahashi,True,True,True
freddiefujiwara,freddiefujiwara,freddiefujiwara,True,True,True
sinemonsan,sinemonsan,sinemonsan,True,False,False
kabe_san,kabe_san,kabe_san,True,False,True
Asayu,Asayu,Asayu,False,False,False
songfei1983,songfei1983,songfei1983,True,False,False
ymotofuji1,ymotofuji1,ymotofuji1,False,True,False
RyosukeHayashi,RyosukeHayashi,RyosukeHayashi,True,True,False
YumaArakawa,YumaArakawa,\xe5\xa4\xa7\xe7\xa5\x9e\xe7\xa5\x90\xe7\x9c\x9f,True,True,True
_sisisin,_sisisin,_sisisin,True,False,True
yama-t,yama-t,Yamato,True,True,True
shiijima,shiijima,shiijima,False,False,False
okamotoshinnich,okamotoshinnich,shinichi\xe3\x81\x8f\xe3\x82\x93\xe3\x83\x81\xe3\x83\xbc\xe3\x83\xa0\xe3\x83\xa1\xe3\x83\xbc\xe3\x83\xab,True,False,False
stoshiya,stoshiya,Toshiya SAITOH,True,False,True
mapk0y,mapk0y,mapk0y,True,False,False
masaru0714,masaru0714,masaru0714,True,True,True
bayashi_ok,bayashi_ok,bayashi_ok,True,False,False
ca-yoshi,ca-yoshi,ca-yoshi,False,False,False
MasayaYoshikawa,MasayaYoshikawa,MasayaYoshikawa,False,True,True
s-wata,s-wata,s-wata,False,False,False
yoichi22,yoichi22,yoichi22,True,True,True
znz,znz,znz,True,False,True
Chida,Chida,sayanaka,True,False,False
YoshifumiNishimura,YoshifumiNishimura,YoshifumiNishimura,False,True,False
TakafumiOmuro,TakafumiOmuro,omuron,False,True,False
nokogiring,nokogiring,nkgrnkgr,True,False,True
IchinoSouta,IchinoSouta,Kita-Q,False,True,False
aoki0,aoki0,aoki0,True,True,False
yu-nakatsu,yu-nakatsu,yu-nakatsu,False,False,False
syukai,syukai,\xe3\x83\xa6\xe3\x82\xab\xe3\x82\xa4,True,False,True
Taisuke_Kikuchi,Taisuke_Kikuchi,Taisuke_Kikuchi,False,True,False
riri_mohu,riri_mohu,riri_mohu,True,True,False
mr10m,mr10m,murakami,False,True,False
m_msak7,m_msak7,m_msak7,True,False,False
cw-yamazaki,cw-yamazaki,cw-yamazaki,False,False,True
Kogen,Kogen,\xe6\x99\x82 \xe6\xb5\xa9\xe6\xba\x90,False,True,False
hoshide,hoshide,\xe2\x98\x85de,True,True,False
Matsushita_Kohei,Matsushita_Kohei,Matsushita_Kohei,False,True,False
oka-1984,oka-1984,\xe3\x82\xaa\xe3\x82\xab\xe3\x82\xb8,False,False,False
s802kfhijsda,s802kfhijsda,s802kfhijsda,False,False,False
gami_san,gami_san,gami_san,True,False,False
yufu69,yufu69,yufu69,True,True,False
bayaaki,bayaaki,qakink,True,False,False
TakanoriFujiwara,TakanoriFujiwara,\xe3\x82\xab\xe3\x83\xab\xe3\x83\x90\xe3\x83\xbc\xe3\x83\x88(\xe6\x97\xa7\xef\xbc\x9a\xe3\x81\xbe\xe3\x81\xa4\xe3\x82\x84\xe3\x81\xbe),True,False,False
yurutechdon,yurutechdon,yurutechdon,True,False,False
hondamfb,hondamfb,hondamfb,True,True,False
maki_saki,maki_saki,maki_saki,True,False,False
EtouSouhei,EtouSouhei,EtouSouhei,False,True,False
YoshihiroHasegawa,YoshihiroHasegawa,YoshihiroHasegawa,True,True,False
shinsuke_itagaki,shinsuke_itagaki,shinsuke_itagaki,False,True,False
wozniak385,wozniak385,wozniak385,True,True,False
yseto,yseto,yseto,True,False,False
Kyuta,Kyuta,lunarxlark,False,False,True
shirokuro331,shirokuro331,shirokuro331,True,True,False
YoshimotoTakumi,YoshimotoTakumi,YoshimotoTakumi,False,False,False
RyujiHirano,RyujiHirano,RyujiHirano,False,True,False
tipo159,tipo159,tipo159,True,False,False
msykxxx,msykxxx,msykxxx,True,False,False
tsasao,tsasao,shamoshamo,True,True,False
armorik83,armorik83,okunokentaro,True,False,True
cedretaber,cedretaber,cedretaber,True,False,False
translucens,translucens,translucens,True,True,True
linerlock,linerlock,Takahisa Watanabe,True,False,False
ikuma_hayasaka,ikuma_hayasaka,ikuma_hayasaka,False,True,False
baru__bora,baru__bora,baru__bora,True,False,False
0319ytskmt,0319ytskmt,0319ytskmt,True,True,False
mailnewsgakuriinfo,mailnewsgakuriinfo,\xe3\x82\xb7\xe3\x83\xa2\xe3\x82\xab\xe3\x83\xaf,False,False,False
nanashi,nanashi,nanashi,False,False,False
haibaran,haibaran,haibaran,True,False,False
toshishige_hagihara,toshishige_hagihara,toshishige_hagihara,False,True,False
kwkbtr,kwkbtr,kwkbtr,True,False,False
atsushi_mori0521,atsushi_mori0521,atsushi_mori0521,True,True,False
Sugima,Sugima,Sugima,False,False,True
HideakiIsono,HideakiIsono,HideakiIsono,False,True,False
SAIK,SAIK,SAIK,True,True,False
pokotyamu,pokotyamu,pokotyamu,True,True,True
zooooooo_,zooooooo_,zooooooo_,True,False,False
motonobu_taniguchi,motonobu_taniguchi,motonobu_taniguchi,False,True,False
Jxck,Jxck,Jxck,True,False,False
tsutakata,tsutakata,test,False,False,False
yk04npr,yk04npr,@kawanamiyuu,True,False,True
matsu,matsu,matsu,False,False,False
tsunasea,tsunasea,tsuna-sea,True,False,False
chikumin,chikumin,chikumin,False,False,False
gw_cule,gw_cule,gw_cule,True,False,True
whiteax1,whiteax1,whiteax1,True,False,False
KatsuhisaKitano,KatsuhisaKitano,katsuhisa_,True,True,False
Rarara,Rarara,Rarara,False,True,False
manbennaku,manbennaku,manbennaku,False,True,False
KouKomazawa,KouKomazawa,komakou,False,True,False
javajal,javajal,javajal,False,False,False
nishiw27,nishiw27,nishiw27,False,False,False
tkmnkik637,tkmnkik637,\xe3\x81\x93\xe3\x81\x84\xe3\x81\x91,False,True,True
ArimaYuya,ArimaYuya,ArimaYuya,False,True,False
DaisukeOnoe,DaisukeOnoe,DaisukeOnoe,False,True,False
kinugawamasato,kinugawamasato,Masato Kinugawa,True,False,False
munechika_nishimura,munechika_nishimura,munepom,True,False,True
y---k,y---k,y---k,False,False,False
s30,s30,s30,False,False,False
qckenp,qckenp,qckenp,False,False,False
nemotatsu,nemotatsu,NemotoTatsuro,False,True,False
GenkiWatanabe,GenkiWatanabe,GenkiWatanabe,False,True,False
slboy18,slboy18,slboy18,True,True,False
trnk,trnk,watanuki,False,False,False
Tuser,Tuser,Tuser,False,False,False
yasuhito_h,yasuhito_h,yasuhito_h,False,True,False
beppu01,beppu01,beppu01,True,False,False
ykmchd,ykmchd,ykmchd,True,False,False
_atoake,_atoake,atoake,False,False,False
koba04,koba04,koba04,True,False,False
sogaoh,sogaoh,sogaoh,True,True,False
elmore_mk2,elmore_mk2,elmore_mk2,True,False,False
YoshinoriOHTA,YoshinoriOHTA,YoshinoriOHTA,False,True,False
TakefumiKubota,TakefumiKubota,TakefumiKubota,False,True,False
huntinggirled,huntinggirled,huntinggirled,False,False,False
tattaka,tattaka,tattaka,False,False,False
minyako,minyako,minyako,True,False,False
satoshi_kishi,satoshi_kishi,satoshi_kishi,True,True,True
myakura,myakura,Masataka Yakura,False,False,True
k_komaki,k_komaki,k_komaki,False,False,False
KazumaHidaka,KazumaHidaka,hidas,False,True,False
yikebata,yikebata,yujiikebata,True,False,True
vimyum,vimyum,Sagara,False,False,True
c-cho,c-cho,CHO,False,False,False
tw_koji,tw_koji,kojikoji,True,False,False
nanntorokusei,nanntorokusei,nanntorokusei,True,False,False
MysticDoll,MysticDoll,MysticDoll,True,True,True
janus_wel,janus_wel,janus_wel,True,False,True
aha-sekine,aha-sekine,aha-oretama,True,False,True
namagon,namagon,\xe3\x81\xaa\xe3\x81\xbe\xe3\x81\x94\xe3\x82\x93,False,True,True
tach,tach,tach,True,True,True
ouisql,ouisql,ouisql,True,False,False
takashi_kawamoto_777,takashi_kawamoto_777,mochan_tk,True,True,False
avosalmon,avosalmon,Ryuta Hamasaki,True,True,True
honta,honta,honta,True,False,False
kazuy,kazuy,kazuhiro.yoshimoto,False,True,True
tama1248,tama1248,tama1248,False,False,False
y_nishihara_Ed,y_nishihara_Ed,y-nis,True,False,True
EijiMachida,EijiMachida,EijiMachida,False,True,False
unagi_pie,unagi_pie,unagi_pie,True,False,False
maasa,maasa,\xe3\x82\x88\xe3\x81\x97\xe3\x81\x93@yoshiko_pg,True,False,True
takanori_oki_9,takanori_oki_9,takanorip,True,True,True
akemi001,akemi001,akemi001,False,False,False
r_takaishi,r_takaishi,r_takaishi,True,False,True
ioriveur,ioriveur,\xe3\x82\xa2\xe3\x82\xab\xe3\x82\xa6\xe3\x83\xb3\xe3\x83\x88\xe6\x83\x85\xe5\xa0\xb1\xe6\xb5\xb8\xe9\x80\x8f\xe5\xbe\x85\xe3\x81\xa1\xe3\x82\xb2\xe3\x83\xbc\xe3\x83\xa0,True,False,False
trhorikawa,trhorikawa,trhorikawa,True,False,False
k_mats,k_mats,k_mats,True,False,False
jsmsmj,jsmsmj,jsmsmj,False,False,False
h-arkt,h-arkt,h-arkt,False,True,False
t_hara,t_hara,Takanori Hara,True,False,True
fumihiroito,fumihiroito,fumihiroito,False,True,False
k_kasai,k_kasai,Keita Kasai,True,False,True
tak_c,tak_c,tak_c,True,True,False
SatoSeki,SatoSeki,SatoSeki,False,True,False
mogawa-atlas,mogawa-atlas,mogawa-atlas,False,False,True
glabra,glabra,glabra,False,False,True
subaruf,subaruf,Subaru Fukuda,False,False,True
crossroad0201,crossroad0201,Yohei Tsuji,True,True,False
yuzu_441,yuzu_441,yuzu,True,False,False
Revival,Revival,Yukinobu Asakawa,True,True,False
rs_0512,rs_0512,ef-ryusx,True,False,True
Kento-E,Kento-E,shika-e,False,False,True
Takeaki,Takeaki,Takeaki,True,True,True
shisama,shisama,shisama,True,False,True
makinoshin,makinoshin,makinoshin,True,False,False
lemon3,lemon3,lemon3,False,False,False
ma_kun3376,ma_kun3376,ma_kun3376,True,False,False
cookie1234,cookie1234,cookie1234,False,False,False
mosmosmos,mosmosmos,mos,False,False,False
teihen,teihen,teihen,True,False,False
tatsushitoji,tatsushitoji,TToji,True,False,True
aoi_erimiya,aoi_erimiya,aoi_erimiya,True,True,True
K_Tiva,K_Tiva,K_Tiva,True,False,False
ToSurpass12,ToSurpass12,ToSurpass12,True,False,False
yenjoji,yenjoji,yenjoji,True,True,True
Todachii,Todachii,Todachii,True,True,False
daisuke_fuchiwaki,daisuke_fuchiwaki,daisuke_fuchiwaki,False,True,False
guccii,guccii,guccii,True,False,False
ngm,ngm,ngm,True,True,False
yuki_okura,yuki_okura,yuki_okura,True,True,False
7hepta,7hepta,7hepta,True,False,False
armylee,armylee,armylee,False,False,True
annie_pocket,annie_pocket,annie_pocket,False,True,False
HiroakiYoshii,HiroakiYoshii,HiroakiYoshii,False,True,False
takuya_lotus,takuya_lotus,Takuya Hasumi,True,True,False
KohichiNagatahira,KohichiNagatahira,K Nagatahira,False,True,False
m_goto,m_goto,m_goto,True,False,False
halfbloodprince,halfbloodprince,\xe3\x81\x95\xe3\x81\xa8\xe3\x81\x86\xe3\x81\xb2\xe3\x82\x8d\xe3\x82\x86\xe3\x81\x8d,True,False,False
hiromix2222,hiromix2222,hiromix2222,True,False,True
huki3373,huki3373,huki3373,False,False,False
KuranobuTadaaki,KuranobuTadaaki,KuranobuTadaaki,False,True,False
myzwtkhd,myzwtkhd,myzwtkhd,True,False,False
11No_m,11No_m,11No_m,True,False,False
MasaruTakei,MasaruTakei,Masaru Takei,True,True,False
nemoemon,nemoemon,nemoemon,True,False,False
burned_mikan,burned_mikan,\xe3\x82\x84\xe3\x81\x8d\xe3\x81\xbf\xe3\x81\x8b\xe3\x82\x93,False,True,False
waruru,waruru,Kaz,False,False,False
MasahiroEndo,MasahiroEndo,MasahiroEndo,False,True,False
Alisa_Yama,Alisa_Yama,Alisa_Yama,False,False,False
HiroyukiMashimo,HiroyukiMashimo,HiroyukiMashimo,False,True,False
hiroshi0316,hiroshi0316,hiroshi0316,False,False,False
shibata_nomad2018,shibata_nomad2018,shibata_nomad2018,False,False,False
Mika-n,Mika-n,Mika-n,False,False,False
m0325daisuke,m0325daisuke,m0325daisuke,False,False,False
GoYokoyama,GoYokoyama,GoYokoyama,False,True,False
ku_ma_ykk,ku_ma_ykk,ku_ma_ykk,False,False,False
syuusa9,syuusa9,syuusa9,True,False,False
MOON0401,MOON0401,MOON0401,False,False,False
gsuehiro,gsuehiro,gsuehiro,True,False,False
spring_aki,spring_aki,spring_aki,True,False,False
ogomr,ogomr,ogom,True,True,True
koudai_takahasi_37,koudai_takahasi_37,Kodai Takahashi,False,True,True
lnkusu,lnkusu,lnkusu,False,False,False
Djokov07,Djokov07,Djokov07,True,False,False
koichi0814,koichi0814,koichi0814,True,True,False
mikakane,mikakane,mikakane,True,True,True
HIKKO624,HIKKO624,HIKKO624,True,False,True
_pochio_,_pochio_,\xe3\x81\xbd\xe3\x81\xa1\xe3\x81\x8a,True,True,True
44,44,44,True,True,True
herakures,herakures,herakures,True,False,False
EOA,EOA,EOA,True,False,False
teratera,teratera,\xe3\x81\xa6\xe3\x82\x89,False,False,False
yoshi0628,yoshi0628,yoshi,False,True,False
tamayan_18,tamayan_18,tamayan,True,False,True
esu8536,esu8536,esu8536,True,False,False
southwest59,southwest59,G.Yamamoto,False,True,False
yoshiTheConnpass,yoshiTheConnpass,Yoshi,False,False,False
castanea,castanea,TK,False,False,False
tsutorm,tsutorm,tsutorm,False,False,True
MakotoY,MakotoY,MakotoY,True,True,True
ikura1,ikura1,ikura1,True,False,True
sayakakawasaki,sayakakawasaki,sayakakawasaki,False,False,False
dev4kj,dev4kj,dev4kj,False,False,True
lincrea_doi,lincrea_doi,lincrea_doi,False,False,False
Kayocco,Kayocco,Kayocco,True,False,False
tinypiece,tinypiece,tinypiece,True,False,False
ykhroki,ykhroki,ykhroki,True,True,False
Durarumin,Durarumin,Durarumin,True,False,False
nobuhiro_nakayama_12,nobuhiro_nakayama_12,nobuhiro_nakayama_12,True,True,True
makio-tsukamoto,makio-tsukamoto,\xe5\xa1\x9a\xe6\x9c\xac \xe7\x89\xa7\xe7\x94\x9f,True,True,True
taisuke_iura,taisuke_iura,\xe3\x81\x9f\xe3\x83\xbc\xe3\x81\x99\xe3\x81\x91,False,True,False
kotaro_yoshimatsu,kotaro_yoshimatsu,Kotaro Yoshimatsu,True,False,True
IbisaOtani,IbisaOtani,IbisaOtani,False,True,False
ishigurohitoshi,ishigurohitoshi,ishigurohitoshi,False,False,False
CyHV2,CyHV2,CyHV2,False,False,False
44smkn,44smkn,44smkn,False,False,True
asa_314,asa_314,asa_314,False,False,False
djnavi69,djnavi69,djnavi69,False,False,True
hinohi,hinohi,hinohi,False,False,False
satoshi45,satoshi45,satoshi45,False,False,False
TakatoOta,TakatoOta,TakatoOta,False,True,False
halchiyo,halchiyo,halchiyo,True,True,True
a-know,a-know,a-know,True,False,True
kotk,kotk,kotk23,False,False,False
wara,wara,wara,False,False,True
m-daichang,m-daichang,m-daichang,True,False,True
neo_code,neo_code,neo_code,False,False,False
Neo_venezia,Neo_venezia,hidamariman,True,False,True
hMatoba,hMatoba,hMatoba,False,False,True
k3trisnake,k3trisnake,k3trisnake,True,False,False
esaka,esaka,esaka,False,False,False
YuyaHayashi_n,YuyaHayashi_n,YuyaHayashi_n,False,True,False
ashrabit,ashrabit,\xe3\x83\xaf\xe3\x82\xab\xe3\x83\xa1,False,True,False
troter,troter,troter,True,True,False
mallowlabs,mallowlabs,mallowlabs,True,False,False
azu,azu,azu,False,False,True
uggds,uggds,uggds,True,False,True
kjim,kjim,keiji muraishi,True,True,True
yamanoku,yamanoku,yamanoku,True,True,True
isdh,isdh,isdh,False,False,True
sei40kr,sei40kr,\xe3\x82\x88\xe3\x82\x93\xe3\x81\x98\xe3\x82\x85,False,True,True
Mituakikun,Mituakikun,mk-tool,True,False,False
Kazuya_Seki,Kazuya_Seki,seya,True,False,False
DaikiMatsuzaki,DaikiMatsuzaki,DaikiMatsuzaki,False,True,False
tanaka_web,tanaka_web,tanaka akira,True,False,False
4245Ryomt,4245Ryomt,4245Ryomt,True,False,True
otofu-square,otofu-square,otofu-square,True,False,True
tetsuya_y,tetsuya_y,Tetsuya Yamada,True,True,True
uttii_tech,uttii_tech,uttii_tech,True,False,False
sugyan,sugyan,\xe3\x81\x99\xe3\x81\x8e\xe3\x82\x83\xe3\x83\xbc\xe3\x82\x93,True,True,True
neuwpe,neuwpe,tyshgc,True,True,True
__gfx__,__gfx__,gfx,True,True,True
akira_miki,akira_miki,threetreeslight,True,True,True
Attsun1031,Attsun1031,Tatsuya Atsumi,True,False,False
shinofara,shinofara,shinofara,True,True,True
mari_e0426,mari_e0426,edm,True,False,True
tako-black,tako-black,Kohei TAKATA,True,True,True
kechol,kechol,kechol,True,False,False
ryosuke_kanba,ryosuke_kanba,godgarden,True,True,False
ohbarye,ohbarye,ohbarye,True,False,True
hachi_eiji,hachi_eiji,hachi_eiji,True,False,False
HitoshiKojima,HitoshiKojima,hitima,True,True,True
w,w,wk,True,True,True
baco_YukiKobayashi,baco_YukiKobayashi,baco16g,False,True,False
yanoken_tus,yanoken_tus,yanoken_tus,True,False,True
clown_kage,clown_kage,clown_kage,True,False,False
tajima12,tajima12,katsuyan,True,False,True
tsukita,tsukita,tsukita,False,False,False
shuymn,shuymn,Yu Yamanishi,True,False,True
mase,mase,umashio,True,True,True
Jackie0301,Jackie0301,Jackie0301,False,False,False
DaiMiyahara,DaiMiyahara,DaiMiyahara,False,True,False
tanakaorin,tanakaorin,Kaori Tanaka,False,False,False
JunkoMaeda,JunkoMaeda,JunkoMaeda,True,True,False
okitan,okitan,okitan,True,False,False
yosuke_kurami,yosuke_kurami,Quramy,True,True,True
hirokundayon,hirokundayon,\xe3\x81\xb2\xe3\x82\x8d\xe3\x81\x8f\xe3\x82\x93\xe3\x81\xa0\xe3\x82\x88\xe3\x82\x93,True,True,True
makiobiz,makiobiz,makiobiz,True,True,False
koedoyoshida,koedoyoshida,koedoyoshida,True,True,True
sazanami,sazanami,sazanami,False,False,False
nkmrtks,nkmrtks,Takeshi Nakamura,False,True,True
t_iseki,t_iseki,t_iseki,False,False,False
hiroshitoda,hiroshitoda,Toda Hiroshi,True,True,True
YoshiyukiTakeda,YoshiyukiTakeda,YoshiyukiTakeda,False,True,False
igajou,igajou,igajou,False,False,True
dreamagicjp,dreamagicjp,Keiichi Inoue,True,True,True
mohira,mohira,mohira,False,True,False
tamanobi,tamanobi,tamanobi,True,False,False
MayHonda,MayHonda,MayHonda,False,True,False
Seki2,Seki2,Hideyasu SEKI,False,True,False
ky_yk_d,ky_yk_d,\xe3\x81\x93\xe3\x81\xbe\xe3\x81\xa9,True,False,True
YuichiOrimo,YuichiOrimo,yorimo,False,True,False
m5s9t6k5,m5s9t6k5,m5s9t6k5,False,True,False
mamama,mamama,mamama,False,False,False
asasasas,asasasas,asasasas,False,False,False
EmiTakiguchi,EmiTakiguchi,EmiTakiguchi,False,False,True
YuukiFujimagari,YuukiFujimagari,\xe3\x83\x9e\xe3\x83\xbc\xe3\x82\xac\xe3\x83\xaa\xe3\x83\xb3,True,True,False
hama7230,hama7230,hama7230,True,False,False
akamah,akamah,Akama Hitoshi,False,False,True
Khwarizmi,Khwarizmi,Khwarizmi,True,False,True
_R4NG3_,_R4NG3_,_R4NG3_,True,False,False
hiro_123,hiro_123,hiro_123,False,False,False
e_mumble,e_mumble,e_mumble,True,False,False
naghbIQtIqHom,naghbIQtIqHom,naghbIQtIqHom,True,False,False
naru0ga,naru0ga,naru0ga,True,True,True
Tring,Tring,Tring,True,True,False
joe_uragami,joe_uragami,joe_uragami,True,False,False
tmasuhara,tmasuhara,tmasuhara,True,False,False
rin2_,rin2_,rin2_,True,False,False
tshimizu,tshimizu,takayukishmz,True,True,True
zvm03166,zvm03166,zvm03166,False,True,False
yamasaki696,yamasaki696,yamasaki696,True,False,False
kz_suzuki,kz_suzuki,kz_suzuki,True,False,False
a_kuratani,a_kuratani,a_kuratani,True,True,True
Mura-Mi,Mura-Mi,"Takuya ""Mura-Mi"" Murakami",True,True,True
ryo_ogasawara,ryo_ogasawara,ryo_ogasawara,False,True,False
kusekke1,kusekke1,kusekke1,False,True,True
n0m0t0,n0m0t0,n0m0t0,False,True,False
mg,mg,mg,True,False,False
YoshiakiYoneyama,YoshiakiYoneyama,YoshiakiYoneyama,True,True,False
sanae-y,sanae-y,sanae-y,False,False,False
KyokoAyama,KyokoAyama,KyokoAyama,False,True,False
riririusei99,riririusei99,riririusei99,True,False,True
alexi-laiho,alexi-laiho,alexi-laiho,False,False,False
MasayukiWakizaka,MasayukiWakizaka,mwakizaka,False,True,False
zu-min,zu-min,zu-min,True,True,True
thorikoshi,thorikoshi,rody,False,False,True
SatoshiOda,SatoshiOda,SatoshiOda,False,True,False
skmtkht,skmtkht,skmtkht,True,False,False
shimkaz,shimkaz,shimkaz,True,False,False
YusukeShirai,YusukeShirai,YusukeShirai,False,True,False
miho_suuna,miho_suuna,miho_suuna,True,False,False
pimako_P,pimako_P,pimako_P,True,False,False
tommy_dora,tommy_dora,tommy,False,False,False
fusato,fusato,fusato,False,False,True
matsu_ko,matsu_ko,matsu_ko,False,True,False
TakehikoTomiyama,TakehikoTomiyama,TakehikoTomiyama,False,True,False
beo_dev,beo_dev,watabe,True,False,True
MasatoIshii,MasatoIshii,MasatoIshii,False,True,False
YukiIshibashi,YukiIshibashi,YukiIshibashi,False,True,False
sanfran,sanfran,sanfran,False,False,False
chisatou,chisatou,chisatou,False,False,False
makingjoy,makingjoy,makingjoy,False,True,False
ymaika,ymaika,ymaika,False,True,False
da_ki_,da_ki_,da_ki_,False,False,False
MasahiroHattori,MasahiroHattori,MasahiroHattori,False,True,False
TakenouchiSeiji,TakenouchiSeiji,TakenouchiSeiji,False,True,False
Ryo_Sakai,Ryo_Sakai,Ryo_Sakai,False,True,False
FumikaFujimatsu,FumikaFujimatsu,FumikaFujimatsu,False,True,False
homel15k,homel15k,homel15k,True,False,False
sawaka,sawaka,sawaka,False,False,False
teyamagu,teyamagu,teyamagu,True,False,False
badecafe,badecafe,badecafe,False,False,False
yudai_nakayama,yudai_nakayama,\xe3\x81\xa1\xe3\x82\x83\xe3\x81\xbe\xe3\x81\xae\xe5\x8a\xa9,True,True,False
chiaki_maruyama,chiaki_maruyama,chiaki_maruyama,False,True,False
denn28,denn28,denn28,True,False,False
masami256,masami256,masami256,True,False,False
Koike,Koike,Koike,False,False,False
s_hiro_k,s_hiro_k,sato_hiro,True,True,True
koyhoge,koyhoge,koyhoge,True,True,True
ktana_,ktana_,ktana_,True,False,False
hatora3421,hatora3421,hatora3421,True,False,False
hirokazuoza,hirokazuoza,hirokazuoza,True,False,False
sato001,sato001,sato001,False,False,False
44ugu,44ugu,ozaki25,False,False,False
imaoka_micihihiro,imaoka_micihihiro,imaoka_micihihiro,False,True,False
echizenya_yota,echizenya_yota,echizenya_yota,True,False,False
takayuki_satou_507,takayuki_satou_507,takayuki_satou_507,False,True,False
inyocchi,inyocchi,inyocchi,True,False,False
guutara,guutara,guutara,True,False,False
yosuke_san,yosuke_san,yosuke_san,False,True,False
kinunori,kinunori,kinunori,True,False,False
johnokaz,johnokaz,johnokaz,True,False,False
gomer_pyle2,gomer_pyle2,gomer_pyle2,False,True,False
h_la_watch_la,h_la_watch_la,h_la_watch_la,True,False,False
shikio_maezawa,shikio_maezawa,maeza,False,True,False
bornknow108,bornknow108,bornknow108,True,False,False
ymyy_3836,ymyy_3836,ymyy_3836,False,False,False
ramusara,ramusara,ramusara,True,False,False
markapple7,markapple7,anh,True,False,False
knks,knks,knks,False,False,False
AkihiroTerakoshi,AkihiroTerakoshi,yantera,True,True,False
higtake,higtake,higtake,False,False,False
inf_scq,inf_scq,inf_scq,True,False,False
TakahiroNagai,TakahiroNagai,tenu530,True,True,False
TakaoKashima,TakaoKashima,TakaoKashima,False,True,False
TakashiHasuike,TakashiHasuike,TakashiHasuike,False,True,False
Shun-d,Shun-d,shundy(Yuichi Shundo),True,True,True
takeya0x86,takeya0x86,takeya0x86,True,False,False
ken_ozawa,ken_ozawa,ken_ozawa,True,False,False
cocoa_abc,cocoa_abc,cocoa_abc,False,True,False
yutakatay,yutakatay,yutakatay,True,False,True
naokimiura,naokimiura,naokimiura,False,False,False
onakahetta,onakahetta,onakahetta,False,True,False
jyamamoto,jyamamoto,jyamamoto,False,False,False
ShoShimohata,ShoShimohata,ShoShimohata,False,True,False
usagivskame,usagivskame,usagivskame,False,False,True
u_utty,u_utty,u_utty,False,False,False
NRT,NRT,nrt,False,False,True
KoheiShimomura,KoheiShimomura,KoheiShimomura,True,True,False
mottie0911,mottie0911,mottie0911,True,False,False
kojisaiki,kojisaiki,Koji Saiki,True,True,True
thatakey,thatakey,thatakey,False,False,False
KensukeFujiya,KensukeFujiya,KensukeFujiya,False,True,False
ooguro,ooguro,\xe5\xa4\xa7\xe9\xbb\x92,False,False,False
taminif,taminif,taminif,True,False,False
ikeponmaru,ikeponmaru,ikeponmaru,True,False,False
uetani_n,uetani_n,uetani_n,False,False,False
watiko,watiko,watiko,True,False,False
qtndx563,qtndx563,qtndx563,False,False,True
a_m_a_a_m_a,a_m_a_a_m_a,ama,False,False,False
studiomilchi,studiomilchi,tpka2629,True,False,False
nakatomo,nakatomo,nakatomo,False,True,False
RiekoMiyamoto,RiekoMiyamoto,riekomiyamoto,False,True,False
itomakiweb,itomakiweb,Hide,True,False,True
wander,wander,wander,False,False,False
HideyukiKai,HideyukiKai,HideyukiKai,False,True,False
tarui,tarui,tarui,False,True,True
hiroshinakasone,hiroshinakasone,Hiroshi,False,False,True
wakky8639,wakky8639,wakky8639,True,False,False
yu_menoshima,yu_menoshima,yu_menoshima,False,False,False
marooon88,marooon88,morifuji koudai,True,False,False
keiyonekawa,keiyonekawa,keiyonekawa,True,False,False
uzmz,uzmz,uzmz,False,False,True
tkkihykw,tkkihykw,tkkihykw,False,False,False
ark16,ark16,ark16,False,False,False
Huruikagi,Huruikagi,\xe3\x81\xb5\xe3\x82\x8b\xe3\x81\x84\xe3\x81\x8b\xe3\x81\x8e,True,True,True
koshi_y,koshi_y,koshi_y,False,False,False
mitty_mn,mitty_mn,mitsuhiko neya,False,True,False
kens_k,kens_k,kens_k,False,False,False
viva_tweet_x,viva_tweet_x,viva_tweet_x,True,True,False
_simarina,_simarina,_simarina,True,False,False
alflaylah001,alflaylah001,alflaylah001,True,False,False
regm,regm,p3titd,False,True,False
Daisuke19820415Mori,Daisuke19820415Mori,Daisuke19820415Mori,False,True,False
Kurosan_9087,Kurosan_9087,Kurosan_9087,False,False,False
mayobimu,mayobimu,\xe3\x81\xbe\xe3\x82\x88,True,True,True
shirley,shirley,shirley,False,False,False
TaroArimoto,TaroArimoto,TaroArimoto,False,True,False
RikiyaInoue,RikiyaInoue,RikiyaInoue,False,True,False
TakeshiKoide,TakeshiKoide,TakeshiKoide,False,True,False
ogawaaaa,ogawaaaa,mizuki ogawa,False,True,False
Yuta_Mochizuki,Yuta_Mochizuki,Yuta_Mochizuki,False,True,False
sauna_addict,sauna_addict,saunaddict,True,False,False
YukiOsawa,YukiOsawa,Yuki8964,False,True,True
R_kubo,R_kubo,R_kubo,False,False,True
masayan_33,masayan_33,masayan_33,False,False,False
yamanakayuji,yamanakayuji,yamanakayuji,False,False,True
kbc16a01,kbc16a01,Ishikawa Ryuu,False,False,True
taketake3,taketake3,taketake3,False,False,False
nishiiino,nishiiino,nishiiino,True,False,False
fukuhaman,fukuhaman,fukuhaman,False,True,False
YoshikiTamura,YoshikiTamura,YoshikiTamura,False,True,False
kanechika7,kanechika7,Nozomu Kanechika,False,False,True
kamijiseiya,kamijiseiya,kamijiseiya,False,False,True
fkym,fkym,fkym,False,False,False
komepiyo,komepiyo,komepiyo,False,False,False
xrekkusu,xrekkusu,xrekkusu,True,False,False
uruuru,uruuru,Shuichi Uruma,False,True,False
ooooooo_q,ooooooo_q,ooooooo_q,True,False,False
ytn86,ytn86,ytn86,True,False,False
kazu1130_h,kazu1130_h,\xe3\x81\xb2\xe3\x82\x8d\xe3\x81\x9f\xe3\x82\x93,True,False,False
bla3kenamel2,bla3kenamel2,bla3kenamel2,True,False,False
yousukezan,yousukezan,yousukezan,True,False,False
raynold,raynold,"""><s>raynold",False,True,False
llamakko,llamakko,llamakko,True,False,False
minetosh,minetosh,minetosh,True,False,False
bebop,bebop,\xe3\x83\x93\xe3\x83\x90\xe3\x83\x83\xe3\x83\x97,False,False,False
masato_ka,masato_ka,masato_ka,True,False,False
kwappa,kwappa,kwappa,True,True,True
tokoroten,tokoroten,tokoroten,True,False,False
hanasoo,hanasoo,Soshi Hanamura,True,False,False
meijik,meijik,meijik,True,False,False
decobisu,decobisu,decobisu,True,False,False
kenichi_mitsuki,kenichi_mitsuki,kenichi_mitsuki,False,True,False
Aci0As4n,Aci0As4n,Aci0As4n,True,False,False
takesako,takesako,takesako,True,False,False
kizuki,kizuki,kizuki,False,False,False
ninjinkun,ninjinkun,ninjinkun,True,True,True
odk211,odk211,odk211,False,False,True
btomasato,btomasato,bto,True,True,True
futesi_nebusoku,futesi_nebusoku,futesi_nebusoku,True,False,False
K_Kitahara,K_Kitahara,Ken Kitahara,True,False,False
nezuku,nezuku,nezuku,True,False,False
HirokiKudo,HirokiKudo,HirokiKudo,False,True,False
RyoFujiura,RyoFujiura,RyoFujiura,False,True,False
hosoi0930,hosoi0930,hosoi0930,False,False,False
k2k2monta,k2k2monta,k2k2monta,False,True,False
potato4d,potato4d,HANATANI Takuma,True,True,True
usk,usk,usk,False,True,False
MasanoriNamiki,MasanoriNamiki,MasanoriNamiki,False,True,False
yasei_no_otoko,yasei_no_otoko,\xe9\x87\x8e\xe7\x94\x9f\xe3\x81\xae\xe7\x94\xb7,True,False,False
zigorou,zigorou,Toru Yamaguchi,False,False,True
ko4,ko4,ko4,True,True,False
knaohiro1,knaohiro1,knaohiro1,True,False,True
gohh56,gohh56,gohh56,True,False,False
ketztaro,ketztaro,ketztaro,True,False,False
genki-sugiyama,genki-sugiyama,genki-sugiyama,True,False,False
tukizi,tukizi,tukizi,False,True,False
nomchim,nomchim,nomchim,False,False,False
AkikoFujita_akk2,AkikoFujita_akk2,AkikoFujita_akk2,False,True,False
mooriiii,mooriiii,mouri,False,True,False
nobunori,nobunori,nobunori,False,False,False
eriko,eriko,eriko,False,True,False
akihisa_miyanaga,akihisa_miyanaga,akihisa_miyanaga,False,True,False
fantasista_tetsuya,fantasista_tetsuya,taketetsu,True,True,False
uni_ishizaki,uni_ishizaki,uniq,True,True,True
nksm,nksm,nksm,True,False,False
tatsuro_yasukawa,tatsuro_yasukawa,Samu,True,True,True
shakezo_,shakezo_,shakezo_,True,False,False
KaBuKi,KaBuKi,Kazuyoshi.Goto,False,False,True
chashu,chashu,chashu,True,True,False
nikoko45,nikoko45,Yoko Nishida,True,False,False
blackrx14,blackrx14,blackrx14,False,True,False
TakumiBaba,TakumiBaba,TakumiBaba,False,False,True
kick240,kick240,kick240,True,True,False
wi___iw,wi___iw,Yu.Iwt,True,True,False
masaya_iwamori,masaya_iwamori,masaya_iwamori,True,True,False
risay,risay,risay,True,True,False
tyan_hikaru,tyan_hikaru,9ooky,True,False,False
ysuzuki0327,ysuzuki0327,ysuzuki0327,True,True,True
yusuke_hata_79,yusuke_hata_79,yusuke_hata_79,True,True,False
naru0504,naru0504,naru0504,True,True,False
sue_co,sue_co,\xe3\x81\x99\xe3\x81\x9a\xe3\x81\xa8\xe3\x82\x82,False,False,False
hayaki_yamamoto,hayaki_yamamoto,hayaki_yamamoto,False,True,False
picarock,picarock,picarock,False,True,False
akimoto_ryohei,akimoto_ryohei,akimoto_ryohei,False,True,False
nacchin777,nacchin777,nacchin777,False,False,False
ryo_tokunaga,ryo_tokunaga,uxkong,True,True,False
kitamu,kitamu,kitamu,False,True,False
hiraku1984,hiraku1984,hiraku1984,False,True,False
osinco,osinco,osinco,False,True,False
takeshi_endu,takeshi_endu,takeshi_endu,True,False,False
miyuki_tan,miyuki_tan,Dobashi Tomohito,True,True,False
ueda1023,ueda1023,ueda1023,True,False,False
HitomiShimada,HitomiShimada,\xe3\x81\xb2\xe3\x81\xa8\xe3\x81\xbf\xe3\x81\x95\xe3\x82\x93,False,True,False
ysk279,ysk279,ysk279,True,False,False
IoriMizuno,IoriMizuno,\xe3\x81\xa8\xe3\x82\x8a\xe3\x81\xbf\xe3\x81\x9a\xe3\x81\xae,False,True,False
tchkmngy,tchkmngy,Taichi Kaminogoya,False,True,False
YasuhaKuroki,YasuhaKuroki,YasuhaKuroki,False,True,True
ucco,ucco,ucco,False,True,False
TomohikoIshii,TomohikoIshii,TomohikoIshii,True,True,False
MadokaNakagomi,MadokaNakagomi,Madoka Nakagomi,True,True,False
takada,takada,takada,False,True,True
MShino,MShino,MShino,True,False,False
ShingoKawashima,ShingoKawashima,hawkingSao,False,False,True
igtm,igtm,igtm,False,True,False
belve-fukui,belve-fukui,\xe3\x81\x9f\xe3\x83\xbc\xe3\x81\xbd\xe3\x82\x93,False,True,False
MichihikoYaguchi,MichihikoYaguchi,MichihikoYaguchi,False,False,False
makkareru,makkareru,makkareru,False,False,False
megmira,megmira,megmira,False,True,False
DaisukeMikita,DaisukeMikita,DaisukeMikita,False,True,False
Tokimaru,Tokimaru,Tokimaru,False,True,False
MisatoWaki,MisatoWaki,MisatoWaki,False,True,False
mikimhk,mikimhk,mikimhk,True,False,True
MitsuharuSuzuki,MitsuharuSuzuki,MitsuharuSuzuki,False,True,False
shiraissy,shiraissy,shiraissy,False,True,False
AtsushiHamano,AtsushiHamano,HAMANO Atsushi,False,True,False
OsamuSato,OsamuSato,osato,True,False,False
bakainubau,bakainubau,smrk,False,True,True
ayah,ayah,ayah,False,False,False
RyoichiKomagamine,RyoichiKomagamine,komataro,True,True,False
Fukane,Fukane,Fukane,False,True,False
AkaneIkegami,AkaneIkegami,AkaneIkegami,True,False,False
KahoTajima,KahoTajima,KahoTajima,True,True,False
pontamiu,pontamiu,pontamiu,False,False,False
KokichiOmi,KokichiOmi,K3,False,True,False
t-r,t-r,t-r,False,True,False
freelunch,freelunch,Natsuko Takahashi,False,True,False
purupuru,purupuru,y.hori,False,False,False
kanadai,kanadai,kanadai,True,False,False
MasaoIkeya,MasaoIkeya,Ikeya,False,True,False
SakiKanebako,SakiKanebako,SakiKanebako,False,True,False
ShotaChiba,ShotaChiba,chi-va1117,False,True,False
TakumiKamizaki,TakumiKamizaki,TakumiKamizaki,True,True,False
haguri,haguri,huki,True,False,False
MasayaSatou,MasayaSatou,MasayaSatou,False,True,False
takeitai,takeitai,\xe9\xaf\x9b\xe6\xad\xa6\xe5\xa3\xab,False,False,False
ToshiyaSasaki,ToshiyaSasaki,ToshiyaSasaki,False,True,False
kkMMMcc,kkMMMcc,aya komase,True,False,False
hokutohagi,hokutohagi,hokutohagi,False,True,False
Ty0001,Ty0001,Ty0001,False,False,False
poppop07,poppop07,poppop07,True,True,False
katorei,katorei,katorei,False,True,False
yuki_w,yuki_w,yuki_w,False,True,False
cobashiro,cobashiro,cobashiro,False,False,False
akihito1986,akihito1986,\xe3\x82\xab\xe3\x83\xaf\xe3\x82\xb7\xe3\x83\xbc,True,True,True
ToruYoshino,ToruYoshino,ToruYoshino,True,True,False
OikeSaeka,OikeSaeka,Oike,False,True,False
AsukaFujiwara,AsukaFujiwara,AsukaFujiwara,False,True,False
TakuyaSakuramoto,TakuyaSakuramoto,TakuyaSakuramoto,False,True,False
ykio_sa,ykio_sa,ykio_sa,False,True,False
r_kappy39,r_kappy39,Ryotaro Kawai,False,True,False
YukihiroTanaka,YukihiroTanaka,YukihiroTanaka,True,False,False
ShuuheiFujiwara,ShuuheiFujiwara,shuhei_fujiwara,False,True,False
yukaizm,yukaizm,yukaizm,False,True,False
YusukeKawauchi,YusukeKawauchi,YusukeKawauchi,False,True,False
sera_a7,sera_a7,Sato,True,False,False
tateyama0327,tateyama0327,tateyama0327,False,True,False
nogutomo,nogutomo,TomoyukiNoguchi,False,True,False
tomomo100,tomomo100,tomomo100,True,False,True
show12,show12,show12,False,False,False
HajimeKobayashi,HajimeKobayashi,HajimeKobayashi,False,True,False
toshi_yoshi,toshi_yoshi,toshi_yoshi,False,False,False
MahokoAbe,MahokoAbe,MahokoAbe,False,True,False
MegumiHomma,MegumiHomma,MegumiHomma,False,True,False
TakeshiAtarashi,TakeshiAtarashi,TakeshiAtarashi,True,True,False
kareshiva,kareshiva,Tana-U,False,False,False
tenk0,tenk0,tenk0,False,False,True
IshibashiMunechika,IshibashiMunechika,IshibashiMunechika,True,True,False
AyanoHirnao,AyanoHirnao,AyanoHirnao,False,True,False
keiichitsuzaki,keiichitsuzaki,\xe6\xb4\xa5\xe5\xb4\x8e\xe6\xa1\x82\xe4\xb8\x80,True,True,False
yutofunahashi,yutofunahashi,yutofunahashi,False,True,False
YanagidaTsutomu,YanagidaTsutomu,YanagidaTsutomu,False,True,False
no_y,no_y,no_y,False,False,False
gretsch0516,gretsch0516,gretsch0516,False,True,False
QmoLee,QmoLee,\xe3\x81\x8d\xe3\x82\x85,False,True,False
steak,steak,Shogo Murata,False,False,False
masa178,masa178,masa178,False,False,False
TakeshiYokoi,TakeshiYokoi,TakeshiYokoi,False,True,False
NobuoTsuchiya,NobuoTsuchiya,NobuoTsuchiya,False,True,False
MitoTakaya,MitoTakaya,MitoTakaya,True,True,False
sakashin,sakashin,sakashin,False,True,False
RuiChen,RuiChen,RuiChen,False,True,False
YukaUeda,YukaUeda,YukaUeda,False,True,False
tomopy03,tomopy03,tomopy03,True,False,True
tnxtnxtnx,tnxtnxtnx,Sho Tanaka,False,True,False
fktck,fktck,fktck,False,False,False
masato24,masato24,Masato,True,True,False
ChihiroKashima,ChihiroKashima,ChihiroKashima,False,True,False
mimimomosumomo,mimimomosumomo,mimimomosumomo,True,False,False
TosinariAsahi,TosinariAsahi,TosinariAsahi,True,True,False
ImagineKopan,ImagineKopan,\xe3\x82\x86\xe3\x81\x8d\xe3\x81\xb2\xe3\x82\x8d,True,False,False
AyakaIkeda,AyakaIkeda,AyakaIkeda,False,True,False
dai0719,dai0719,\xe3\x83\xa8\xe3\x82\xb7\xe3\x83\x80,False,False,False
hitomihirama,hitomihirama,h_hitomi,True,True,False
Takie_Wakatabi,Takie_Wakatabi,Takie_Wakatabi,True,True,False
s3-nakagawa,s3-nakagawa,smile326,False,False,False
millineee,millineee,millineee,False,False,False
Takeshi_Yoshimoto,Takeshi_Yoshimoto,Takeshi_Yoshimoto,False,False,False
fhsato,fhsato,fhsato,False,False,False
ChikaOno,ChikaOno,ChikaOno,False,True,False
ChihiroKusuda,ChihiroKusuda,ChihiroKusuda,False,True,False
takuro_09,takuro_09,takuro_09,False,False,False
ShunsukeTakeshima,ShunsukeTakeshima,ShunsukeTakeshima,False,True,False
k_m123,k_m123,k_m123,False,False,False
EminoFukagawa,EminoFukagawa,\xe3\x81\xb5\xe3\x81\x8b\xe3\x81\xb5\xe3\x81\x8b,False,True,False
knzwmnr,knzwmnr,knzwmnr,False,False,False
ymcorinthians,ymcorinthians,ymcorinthians,False,True,False
azuman,azuman,azuman,False,False,False
AsamiShimizu,AsamiShimizu,Asami Shimizu,False,True,False
ChihiroMatsunobe,ChihiroMatsunobe,ChihiroMatsunobe,False,False,True
ErinaYoshikawa,ErinaYoshikawa,ErinaYoshikawa,False,True,False
HayatoKamono,HayatoKamono,Hayato Kamono,False,False,False
SakuraNomura,SakuraNomura,SakuraNomura,False,True,False
KeTa,KeTa,KeTa,False,True,False
GingaBaba,GingaBaba,GingaBaba,False,True,False
YutaSumiya,YutaSumiya,YutaSumiya,False,True,False
mikiokiura,mikiokiura,mikiokiura,True,False,False
emuaki,emuaki,emuaki,False,True,False
takkanm,takkanm,takkanm,True,True,True
kaakaa_hoe_prog,kaakaa_hoe_prog,kaakaa_hoe_prog,True,False,True
kitayama_t,kitayama_t,kitayama_t,True,False,False
toshi_kd,toshi_kd,toshi_kd,True,False,False
siburu,siburu,siburu,True,False,False
tomonori_ishikawa_9,tomonori_ishikawa_9,tomonori_ishikawa_9,False,True,False
masayuki610930,masayuki610930,masa,True,True,True
yuchans87,yuchans87,yuchans87,True,False,False
hsugiyama,hsugiyama,hsugiyama,False,False,False
T-Yoshitaka,T-Yoshitaka,T_Yoshitaka,True,False,True
TakateruKato,TakateruKato,TakateruKato,False,True,False
minahas37,minahas37,minahas37,True,False,False
takenishi,takenishi,takenishi,False,False,True
mtakahas,mtakahas,mtakahas,True,False,False
tominagamichiya,tominagamichiya,nuwaa,True,True,False
tetu87kamura,tetu87kamura,tetu87kamura,False,False,False
mimura1133,mimura1133,mimura1133,True,True,True
urabusa,urabusa,uranari,True,True,False
yagihashoo,yagihashoo,\xe3\x82\x84\xe3\x81\x8e\xe3\x81\xaf\xe3\x81\x97\xe3\x82\x85,True,True,True
scientia_admin,scientia_admin,scientia_admin,False,True,False
ecoha_30,ecoha_30,hamasho30,True,False,False
delphinz,delphinz,\xe3\x83\x9e\xe3\x82\xb5\xe3\x83\x92\xe3\x83\xad,True,False,False
Yoshihiro_Atari,Yoshihiro_Atari,acchan,True,True,True
nyachihide,nyachihide,nyachihide,True,True,False
GreenShallot,GreenShallot,GreenShallot,True,False,False
YusukeTakamatsu,YusukeTakamatsu,YusukeTakamatsu,False,False,False
at24jo,at24jo,at24jo,False,False,False
R-E,R-E,R-E,False,True,False
oga-debu,oga-debu,oga-debu,False,True,False
yukio11,yukio11,\xe6\xa4\x8d\xe7\x94\xb0\xe6\x82\xa0\xe5\xa4\xa7,False,False,True
yskhashi,yskhashi,yskhashi,False,True,False
takayuki-tk,takayuki-tk,takayuki-tk,True,True,True
mendywata,mendywata,mendywata,False,False,True
keitsukat,keitsukat,keitsukat,True,False,False
ssakurai,ssakurai,ssakurai,False,False,False
mozamimy,mozamimy,mozamimy,True,False,True
Sho_Noda,Sho_Noda,Sho_Noda,False,True,False
mizukmb,mizukmb,mizukmb,True,False,True
smarty,smarty,smarty,True,False,False
etokiwa,etokiwa,etokiwa,True,True,False
hiro78,hiro78,nakamura hiroyuki,True,True,True
yuyafeb,yuyafeb,Y.Y.,True,False,False
songshuqing,songshuqing,Song Shuqing,False,False,True
kojima_shoji,kojima_shoji,kojima_shoji,False,False,False
yanoshi,yanoshi,yanoshi,True,False,True
yomochan,yomochan,yomochan,True,True,False
ecaze,ecaze,ecaze,True,False,False
24kaze,24kaze,24kaze,True,True,False
saki_yoshioka_165,saki_yoshioka_165,\xe3\x82\x88\xe3\x81\x97\xe3\x82\x92,False,True,False
kiyochika,kiyochika,kiyochika,True,False,False
o_ti,o_ti,o_ti,True,True,True
magi1125,magi1125,\xe4\xbc\x8a\xe5\x8e\x9f\xe5\x8a\x9b\xe4\xb9\x9f,True,True,True
AkikoFujita,AkikoFujita,\xe3\x81\x8b\xe3\x81\xa8\xe3\x81\x86,False,True,False
NaokoMitsuhashi,NaokoMitsuhashi,NaokoMitsuhashi,False,True,False
kuwahara_jsar,kuwahara_jsar,kuwahara_jsri,True,False,True
MinakoYagi,MinakoYagi,MinakoYagi,False,True,False
frogtheclock,frogtheclock,frogtheclock,False,False,False
nawoto_hamada,nawoto_hamada,nawoto_hamada,True,False,False
pm_rah,pm_rah,Tom,True,False,True
hachi_ihcah,hachi_ihcah,Masami Kanemoto,False,True,False
teptter,teptter,tepp,True,False,False
KeiichiIshida,KeiichiIshida,14k,False,False,False
tokimari,tokimari,tokimari,False,False,True
shunito,shunito,shunito,True,False,False
stk_7,stk_7,stk_7,True,False,False
MiyakoKita,MiyakoKita,MiyakoKita,False,True,False
IchikiRyo,IchikiRyo,ryooppii,False,True,True
OsamuSuzuki,OsamuSuzuki,OsamuSuzuki,False,True,False
KosukeFujita1987,KosukeFujita1987,KosukeFujita1987,False,True,False
dragan10,dragan10,dragan10,False,True,False
monkeydolce,monkeydolce,\xe5\x8c\x97\xe6\x9d\x91 \xe5\xad\x9d,True,True,True
furusin_oriver,furusin_oriver,furusin_oriver,True,False,True
okeicalm,okeicalm,\xe3\x81\x8a\xe3\x83\xbc\xe3\x81\x91\xe3\x81\x84,True,False,False
HIRO1Q73,HIRO1Q73,HIRO1Q73,True,False,False
weathare,weathare,weathare,False,True,True
gretel4th,gretel4th,gretel4th,False,False,False
aka_C,aka_C,aka_C,True,False,False
TrueSnowman,TrueSnowman,TrueSnowman,True,False,True
515hikaru,515hikaru,515\xe3\x81\xb2\xe3\x81\x8b\xe3\x82\x8b,True,False,True
tombeecreator,tombeecreator,\xe3\x81\xa8\xe3\x82\x93\xe3\x81\xb3\xef\xbc\x88Tombee\xef\xbc\x89,True,False,False
japanettkd,japanettkd,japanettkd,False,False,False
bflag23,bflag23,bflag23,False,False,False
TKKobe,TKKobe,TKKobe,False,True,False
mur_ms_,mur_ms_,mur_ms_,True,True,False
fumiyas,fumiyas,fumiyas,True,False,True
jimibandrix,jimibandrix,jimibandrix,True,True,True
moongift,moongift,moongift,True,True,False
YoshiyukiKamitane,YoshiyukiKamitane,YoshiyukiKamitane,False,True,False
JunKitamura,JunKitamura,jkkitakita,True,True,True
aman,aman,aman,False,True,False
Kou-N,Kou-N,Kou-N,False,False,False
laurent-chaply,laurent-chaply,Laurent Chaply,False,True,False
shallowcovergame,shallowcovergame,shallow,False,False,False
t-sano-kf,t-sano-kf,t-sano-kf,False,True,False
meg555,meg555,meg555,True,True,False
e-taka,e-taka,e-taka,False,False,False
todogzm,todogzm,Atsushi Kanaya,True,False,False
kogurek1,kogurek1,Kogure Kazuaki,True,True,True
sumio_tym,sumio_tym,sumio,True,False,True
Sakaeda1112,Sakaeda1112,Sakaeda1112,True,True,True
cnttkhs,cnttkhs,ChinatsuKato,True,False,True
sioaji,sioaji,\xe3\x81\x97\xe3\x81\x8a\xe3\x81\x82\xe3\x81\x98,False,False,False
t2y,t2y,t2y,False,True,False
kysnm,kysnm,kysnm,True,False,False
yut148,yut148,yut148,True,False,False
prototechno,prototechno,prototechno,True,True,False
_tusui,_tusui,_tusui,True,True,False
takakiku,takakiku,takakiku,True,False,True
turbo_ts,turbo_ts,turbo_ts,True,False,False
tomohiko_ikeda_583,tomohiko_ikeda_583,tomohiko_ikeda_583,False,True,False
i97506051502,i97506051502,i97506051502,True,False,False
hokkai7go,hokkai7go,hokkai7go,True,False,False
eccyan,eccyan,eccyan,False,True,True
takahara_mitsuyoshi_3,takahara_mitsuyoshi_3,takahara_mitsuyoshi_3,False,True,False
saku2saku,saku2saku,Yoichiro Sakurai,True,True,False
hirokazu_ohtaka,hirokazu_ohtaka,hirokazu_ohtaka,True,True,False
hogepanic,hogepanic,ogugu,True,False,True
showooo,showooo,showooo,False,False,False
jumpei_yokota_1,jumpei_yokota_1,yokotty,True,True,False
akimitsu_takagi,akimitsu_takagi,akimitsu_takagi,True,True,True
Matsuda_Yoshihir,Matsuda_Yoshihir,Yoshihiro_Mat,True,True,True
_hito_,_hito_,_hito_,True,False,False
sasatake,sasatake,Akira Satake,True,False,True
tauso,tauso,sottar,True,True,True
clickhirose,clickhirose,\xce\xba,True,False,True
Warp013,Warp013,Warp013,True,False,False
mniizuma,mniizuma,\xe6\x96\xb0\xe5\xa6\xbb\xe6\xad\xa3\xe5\xa4\xab\xef\xbc\x88\xe3\x81\x82\xe3\x82\x8b\xe3\x81\x98\xe3\x81\x95\xe3\x82\x93\xef\xbc\x89,True,True,False
matsB,matsB,matsB,False,False,False
yokozawa,yokozawa,Yusuke Yokozawa,True,True,True
bringer1092,bringer1092,bringer1092,False,False,False
yoshiteruogawa,yoshiteruogawa,teru,False,True,False
ocadaruma,ocadaruma,Okada Haruki,True,False,True
chanibarin,chanibarin,Yoshihiro Ibayashi,True,True,True
ooshiro_kazuma,ooshiro_kazuma,oshiro,False,True,True
pandax381,pandax381,pandax381,True,False,True
KoichiHaruna,KoichiHaruna,HAL,False,True,True
nao-yamamoto,nao-yamamoto,naoyama,True,False,False
aidahomame,aidahomame,idahobean_,True,False,True
yuki-yy,yuki-yy,yuki-yy,True,False,False
heavencho,heavencho,heavencho,True,False,False
poponuki,poponuki,poponuki,True,False,False
tomohiko_isobe,tomohiko_isobe,tomohiko_isobe,False,True,False
ko_mo_san,ko_mo_san,ko_mo_san,True,True,False
Taichi_Dodo,Taichi_Dodo,Taichi_Dodo,False,True,True
harukaze8150,harukaze8150,harukaze8150,False,False,False
red-dragon,red-dragon,red-dragon,False,False,False
maedatt7,maedatt7,maedatt7,True,False,False
otomo,otomo,otomo,False,False,False
kevin_hhsh020,kevin_hhsh020,kevin_hhsh020,True,True,False
befs_anne,befs_anne,shinobe,True,False,False
yama-ken,yama-ken,yama-ken,False,False,False
uu4k,uu4k,tashimizu,False,False,True
y_tj,y_tj,y_tj,False,False,False
Zhenmei,Zhenmei,Zhenmei,False,False,False
yyama,yyama,yyama,False,False,False
musume,musume,musume,False,False,False
ra3,ra3,\xe3\x82\x89\xe3\x81\x90,True,True,True
t_kwmt,t_kwmt,t_kwmt,False,False,False
tatsuya_yamanaka,tatsuya_yamanaka,t.y,False,True,False
h-tobe,h-tobe,Hirofumi.Tobe,False,False,True
teppeis,teppeis,teppeis,True,False,True
akkyakky,akkyakky,@akky,True,False,True
lcst_topevx,lcst_topevx,lcst_topevx,True,False,False
Taria,Taria,Taria,True,False,False
SasadaKoichi,SasadaKoichi,SasadaKoichi,False,True,False
herumi,herumi,herumi,True,False,False
Daisuke_Suzuki,Daisuke_Suzuki,daisuke suzuki,True,True,True
shoma,shoma,shoma,True,False,True
musaprg,musaprg,\xe3\x82\x80\xe3\x81\x95\xe3\x81\x97\xe3\x82\x93,True,True,True
HosodaMath,HosodaMath,HosodaMath,True,False,False
atpons,atpons,atpons,True,False,True
RyoRozyo,RyoRozyo,RyoRozyo,True,False,False
sk2sat,sk2sat,sksat,False,False,True
KOBA789,KOBA789,KOBA789,True,False,True
moriyasu,moriyasu,moriwaki,True,False,True
tack_kjm,tack_kjm,tack_kjm,True,False,False
murajun1978,murajun1978,murajun1978,True,False,False
nacika,nacika,nacika,True,False,True
uniunix,uniunix,\xe3\x81\x9f\xe3\x81\x8b\xe3\x81\xaa\xe3\x81\x8a,True,True,True
nullkal,nullkal,nullkal,True,False,True
ogatamakoto0521,ogatamakoto0521,\xe3\x82\xaa\xe3\x82\xac\xe3\x82\xbf\xe3\x83\x9e\xe3\x82\xb3\xe3\x83\x88,True,True,False
amasho,amasho,\xe3\x81\x82\xe3\x81\xbe\xe3\x81\x97\xe3\x82\x87\xe3\x83\xbc,True,False,True
yalab,yalab,yalab,True,False,False
emi_matsuda_3785,emi_matsuda_3785,emi_matsuda_3785,False,True,False
nobuoka,nobuoka,nobuoka,True,True,True
isamu_suzuki_54,isamu_suzuki_54,isamu_suzuki_54,True,True,True
tkc49,tkc49,tkc49,True,True,True
yukidarake,yukidarake,793,True,False,False
rakuda_daraku,rakuda_daraku,rakuda_daraku,True,False,False
qsona,qsona,qsona,True,False,True
taquayukii,taquayukii,taquayukii,True,True,True
masaki_ohsumi,masaki_ohsumi,masaki_ohsumi,True,True,True
masayuki_tateno_12,masayuki_tateno_12,ueshiman,True,True,False
wakamsha,wakamsha,wakamsha,True,True,True
_hiyamamo,_hiyamamo,_hiyamamo,True,False,True
zakey,zakey,zakey,True,False,False
frontainer,frontainer,frontainer,True,False,True
shimashima,shimashima,shimashima,True,False,False
chikoski,chikoski,chikoski,True,False,False
ShuntaTsurumaki,ShuntaTsurumaki,ShuntaTsurumaki,False,True,False
hiromichi_koeda,hiromichi_koeda,hiromichi_koeda,False,True,False
yui-takeuchi,yui-takeuchi,omohayui,True,True,True
ksj,ksj,ksj,False,False,False
joe_re,joe_re,joe_re,True,False,True
dog_jp,dog_jp,dog_jp,True,False,True
KosukeMuramatsu,KosukeMuramatsu,KosukeMuramatsu,True,True,True
kuy,kuy,Yuki Kodama,True,False,True
honkicyan,honkicyan,\xe9\x88\xb4\xe6\x9c\xa8 \xe4\xbd\x91\xe4\xbb\x8b,True,True,False
RyoMachitori,RyoMachitori,RyoMachitori,False,True,False
HonMarkHunt,HonMarkHunt,HonMarkHunt,True,False,True
daisukeshiroma,daisukeshiroma,daisukeshiroma,True,True,True
tmyk_o,tmyk_o,tmyk_o,False,False,False
ovrmrw,ovrmrw,ovrmrw,True,False,True
t_daicho,t_daicho,t_daicho,True,False,False
nobuhikosawai,nobuhikosawai,nobuhikosawai,True,False,True
sasamin,sasamin,miho.sasaki,True,False,True
mougenko,mougenko,mougenko,False,False,False
MotokiOomura,MotokiOomura,MotokiOomura,False,True,False
naoki-watanabe,naoki-watanabe,naoki-watanabe,True,False,False
Ryouhei-yamazaki,Ryouhei-yamazaki,Ryohei YAMAZAKI,True,True,True
two-tree,two-tree,two-tree,False,False,True
rw_taaaka,rw_taaaka,\xe3\x81\x9f\xe3\x83\xbc\xe3\x81\x8b,True,False,False
kurome-1101,kurome-1101,nekomura,False,True,False
sugeeomosiroi,sugeeomosiroi,jack,True,False,False
naoto_kunii,naoto_kunii,Naoto KUNII,True,True,True
trkw,trkw,trkw,True,True,True
inori_lar,inori_lar,koe0920,True,False,False
mkt63,mkt63,mkt63,True,False,False
mikac,mikac,mikac,True,False,False
HirokiMizukami,HirokiMizukami,HirokiMizukami,False,True,False
henrich,henrich,henrich,True,False,False
so_zaneli,so_zaneli,\xe3\x82\xb6\xe3\x83\x8d\xe3\x83\xaa,True,True,True
ha_ru_ma_ki,ha_ru_ma_ki,Koji Asaga,False,True,False
tomato360,tomato360,nasum,True,True,True
ten_forward,ten_forward,TenForward,True,False,False
aminotsukasa,aminotsukasa,aminotsukasa,True,False,False
Pastel,Pastel,pastelInc,False,False,False
EichiSanden,EichiSanden,EichiSanden,True,False,False
s0utakada,s0utakada,stakada7,True,True,True
kiduca,kiduca,kizkoh,True,False,False
yamatatsu-kun,yamatatsu-kun,yamatatsu,True,False,True
fx_kirin,fx_kirin,kirin,False,False,False
Scble,Scble,Scble,True,False,False
minaton,minaton,TakeshiOminato,False,True,False
t_sonoki,t_sonoki,t_sonoki,False,False,False
YasutakaShinomiya,YasutakaShinomiya,YasutakaShinomiya,False,True,False
Ptu_,Ptu_,8tak4,False,False,True
lt0195rr,lt0195rr,lt0195rr,False,False,False
HirofumiHida,HirofumiHida,HirofumiHida,True,True,False
itokuchen,itokuchen,itokuchen,False,False,False
ryosukeshinohara,ryosukeshinohara,ryosukeshinohara,False,True,False
takayuki_fukui,takayuki_fukui,takayuki_fukui,False,False,False
KentaMizuochi,KentaMizuochi,KentaMizuochi,False,True,False
chmikata,chmikata,chmikata,False,False,True
ymgn,ymgn,ymgn,True,True,False
YasuakiMori,YasuakiMori,YasuakiMori,False,True,False
uc2_hanate,uc2_hanate,UmeharaNaoto,True,False,False
MasashiKude,MasashiKude,MasashiKude,True,True,False
entisoutofplan,entisoutofplan,yhor1e,True,False,False
tsekine,tsekine,tsekine,True,False,False
TakayukiToda,TakayukiToda,TakayukiToda,False,True,False
Daisuke-Ochiai,Daisuke-Ochiai,Daisuke-Ochiai,True,True,False
mistywind,mistywind,szkayeah,True,False,False
sekiwakeee,sekiwakeee,Fuke,True,False,False
PET_HAL,PET_HAL,HAL,True,False,True
ToshihisaC,ToshihisaC,10shi10ma,True,True,True
masashi_0412,masashi_0412,masashi_0412,False,False,False
jmae,jmae,jmae,False,False,False
TakeshiHaramoto,TakeshiHaramoto,TakeshiHaramoto,False,True,False
otsu_bo,otsu_bo,otsu_bo,False,False,False
JunSago,JunSago,JunSago,False,True,False
yuta_futakawa,yuta_futakawa,yuta_futakawa,False,False,False
KosukeDoi,KosukeDoi,\xe3\x83\x9c\xe3\x83\xbc,True,True,False
tak_rjom,tak_rjom,tak_rjom,False,True,False
hiro63O,hiro63O,hiro63O,False,True,False
yowatabe,yowatabe,yowatabe,False,True,False
toboro,toboro,toboro,False,False,False
ShuheiHattori,ShuheiHattori,ShuheiHattori,False,True,False
YukiKawajiri,YukiKawajiri,YukiKawajiri,False,True,False
Clairesxoxo,Clairesxoxo,AK,False,False,False
wenbose,wenbose,wenbose,True,False,False
kawaken,kawaken,kawaken,True,False,True
creator825,creator825,Yutaka Usui,False,True,False
ShuzoTomita,ShuzoTomita,ShuzoTomita,True,False,False
skowata,skowata,skowata,True,False,False
krakeneye,krakeneye,krakeneye,True,True,False
tmknom,tmknom,tmknom,True,False,False
wslash,wslash,wslash,True,False,True
nekoruri,nekoruri,nekoruri,True,True,True
cubicdaiya,cubicdaiya,cubicdaiya,False,False,False
hichon,hichon,hichon,True,False,False
toshi__ya,toshi__ya,toshi__ya,True,False,False
nabedge,nabedge,\xe3\x81\xaa\xe3\x81\xb9\xe3\x81\x95\xe3\x82\x93,True,False,False
rAdio,rAdio,\xe7\x9b\x8a\xe7\x94\xb0\xe3\x83\xa9\xe3\x83\x82\xe3\x83\xb2,True,False,True
kan_,kan_,kanpou0108,True,False,False
vanx2,vanx2,vanx2,True,True,True
yosuke_furukawa,yosuke_furukawa,yosuke_furukawa,True,False,False
robi10,robi10,robi10,False,False,False
stakezaki,stakezaki,stakezaki,True,True,True
takehiko77,takehiko77,takehiko77,True,False,False
shimashima35,shimashima35,shimashima35,True,False,False
yuanyan0107,yuanyan0107,mfks17,True,True,True
tnaoto,tnaoto,tnaoto,True,False,False
mamy1326,mamy1326,\xe3\x81\xbe\xe3\x81\xbf\xe3\x83\xbc,True,True,False
nsymtks,nsymtks,nsymtks,True,True,True
nihonzaru,nihonzaru,nihonzaru,False,False,False
kingyokkun,kingyokkun,kingyokkun,True,False,False
jishii1204,jishii1204,Jun Ishii,False,True,False
k_ohtomi,k_ohtomi,k_ohtomi,True,False,False
masafumiaida,masafumiaida,\xe3\x81\x82\xe3\x81\x84\xe3\x81\xb4\xe3\x82\x87\xe3\x82\x93,False,True,False
thrakt,thrakt,thrakt,True,False,True
y_t,y_t,you,True,True,True
kuronekopunk,kuronekopunk,\xe3\x81\x82\xe3\x81\xa3\xe3\x81\x8d\xe3\x83\xbc,True,True,True
yoppuyoppu,yoppuyoppu,Yasuhiro Yoshida,True,False,False
kakkun61,kakkun61,kakkun61,True,False,True
yusuke_katsuki,yusuke_katsuki,yusuke_katsuki,True,True,True
yagishita,yagishita,yagishita,True,True,True
yusabana,yusabana,yusabana,True,False,True
Ryo_kero,Ryo_kero,Ryo_kero,False,True,False
kei_q,kei_q,kei_q,True,False,False
aretan,aretan,Hiroki Yoshida,True,True,True
yasano,yasano,yasano,True,True,False
Toy_Kanayama,Toy_Kanayama,Toy_Kanayama,True,True,False
aibou,aibou,aibou,True,False,True
masamichi,masamichi,masamichi,True,False,False
hokaccha,hokaccha,hokaccha,True,False,False
ahomu,ahomu,\xe3\x81\x82\xe3\x81\xbb\xe3\x82\x80,True,False,True
MarcoNakazawa,MarcoNakazawa,mrcnkzw,False,False,False
ayato_p,ayato_p,ayato_p,True,False,False
KanSAKAMOTO,KanSAKAMOTO,KanSAKAMOTO,True,True,False
jo7ueb,jo7ueb,Neppo Telewisteria,True,True,True
antenna_luna,antenna_luna,antenna_luna,True,False,False
cyanpon,cyanpon,cyanpon,True,True,False
kentana20,kentana20,kentana20,True,True,True
ama_ch,ama_ch,ama_ch,True,False,True
tomohiro_komiya,tomohiro_komiya,tomohiro_komiya,True,True,False
namiko_ueno_75,namiko_ueno_75,namiko_ueno_75,False,True,False
kozo2,kozo2,kozo2,True,False,True
half_moon0419,half_moon0419,\xe3\x81\x9f\xe3\x81\x8b\xe3\x81\x8f\xe3\x80\x80\xe3\x81\x97\xe3\x82\x85\xe3\x81\x86\xe3\x81\x84\xe3\x81\xa1,True,False,False
webgyo,webgyo,webgyo,True,False,False
kjirou,kjirou,kjirou,True,False,True
44_10,44_10,sisidovski,True,True,True
gunjouM,gunjouM,\xe6\x9d\x91\xe4\xba\x95,True,False,True
kosuke_iida,kosuke_iida,kosuke_iida,False,True,True
xnpo,xnpo,xnpo,True,True,False
satonaoki,satonaoki,\xe3\x81\x95\xe3\x81\xa8\xe3\x81\x86\xe3\x81\xaa\xe3\x81\x8a\xe3\x81\x8d (Neo),True,True,True
kazumine_igahara,kazumine_igahara,kazumine_igahara,False,True,False
long_long_float,long_long_float,long_long_float,True,False,True
seri_k,seri_k,seri_k,True,True,True
ttazaki,ttazaki,ttazaki,False,True,False
kuwa_tw,kuwa_tw,kuwa_tw,True,False,False
ayu_mm,ayu_mm,ayu_mm,True,False,False
toshihide_atsumi,toshihide_atsumi,toshihide_atsumi,False,True,False
ryo_adachi_18,ryo_adachi_18,adachin0817,True,True,True
YuG_1224,YuG_1224,Yuji Yamaguchi,True,True,True
to_sato3,to_sato3,to_sato3,True,True,False
Sakunyo,Sakunyo,Sakunyo,True,False,False
segami_cx,segami_cx,segami_cx,True,False,False
HashimotoJ,HashimotoJ,jhashimoto,True,False,False
no__no,no__no,no__no,True,False,False
tkak,tkak,tkak,True,False,False
tomoki_kikichi,tomoki_kikichi,tomoki_kikichi,False,True,False
KentaroMasuda,KentaroMasuda,scrummasudar,True,True,True
masahiko_kuwayama_kazaoto,masahiko_kuwayama_kazaoto,kazaoto,False,False,False
izuchy,izuchy,izuchy,True,False,True
xotaki,xotaki,xotaki,False,True,False
t_konparu,t_konparu,Toshiyuki Konparu,True,True,False
katsubemakito,katsubemakito,katsubemakito,True,True,True
mstk214,mstk214,massa142,True,True,True
NanohaAsOnKai,NanohaAsOnKai,KazuakiM,True,True,True
uchimanajet7,uchimanajet7,UCHIDA Manabu,True,False,False
nakack,nakack,nakack,True,False,False
mitshibuya,mitshibuya,mitshibuya,True,False,True
gb-swatanabe,gb-swatanabe,watanabe.seigo,False,False,False
ytaya,ytaya,ytaya,False,False,False
xianheiba,xianheiba,xianheiba,True,True,False
rumomac,rumomac,rumomac,True,False,False
h_matsuo,h_matsuo,matsuoshi,False,False,False
ythink,ythink,ythink,True,False,False
ringo,ringo,aoki,True,False,True
toshifusa,toshifusa,toshifusa,True,True,False
shuheioza,shuheioza,shuheioza,True,True,False
nojima,nojima,nojima,True,False,False
watarunoguchi_0727,watarunoguchi_0727,wnoguchi,True,True,True
rinta333,rinta333,rinta333,True,False,False
mihalla,mihalla,mihalla,True,False,False
saneyuki_s,saneyuki_s,saneyuki_s,True,False,True
b3540,b3540,usagi2525,False,False,False
uchan,uchan,uchan,True,False,False
daisuke_ogawa_712,daisuke_ogawa_712,daisuke_ogawa_712,False,True,False
MimuraBob,MimuraBob,MimuraBob,False,True,False
oohira,oohira,oohira,True,False,False
kozaru_kodera,kozaru_kodera,kozaru_kodera,True,False,False
thoma,thoma,thoma,False,False,False
jp_tt,jp_tt,jp_tt,True,False,False
Mochit_,Mochit_,Mochit_,True,False,False
yos_kawai,yos_kawai,landm,False,True,True
takudo,takudo,takudo,True,True,True
OSCA,OSCA,OSCA,True,True,True
noriki,noriki,noriki,False,False,False
kyohei8,kyohei8,kyohei8,False,True,True
stomita,stomita,stomita,True,True,True
koyomi0614,koyomi0614,koyomi0614,False,False,False
me_me_sheep,me_me_sheep,me_me_sheep,True,False,False
Talos208,Talos208,Talos208,True,True,True
zuzumo,zuzumo,zuzumo,False,True,False
shigenori,shigenori,Shigenori Yamasaki,False,True,False
samada,samada,samada,False,False,False
aither,aither,\xe3\x81\x97\xe3\x81\x82,True,False,False
kobtea,kobtea,kobtea,True,False,True
kaacun,kaacun,yamato,True,True,False
fukuaki_takano,fukuaki_takano,fortkle,True,True,True
tkuchiki,tkuchiki,tkuchiki,True,False,False
tamurashingo,tamurashingo,tamura shingo,False,True,True
axross,axross,axross,True,False,True
pitown,pitown,\xe3\x81\xb4\xe3\x81\xa8\xe3\x81\x85\xe3\x82\x93,True,False,False
gaaamii,gaaamii,gaaamii,True,False,False
shin_masuda,shin_masuda,shin_masuda,False,True,False
GALTONKATSU,GALTONKATSU,GALTONKATSU,True,False,False
mori_ryuji,mori_ryuji,mori_ryuji,True,False,False
ponpoko04,ponpoko04,ponpoko04,True,False,False
hirotoarakawa,hirotoarakawa,hirotoarakawa,False,False,False
yoropan,yoropan,yoropan,True,False,False
shuyo,shuyo,shuyo,True,False,True
mogamin,mogamin,mogamin,False,True,True
laco0416,laco0416,lacolaco,True,True,True
kuniyoshi_takenaka,kuniyoshi_takenaka,\xe3\x81\xa1\xe3\x81\x8f\xe3\x81\xa1\xe3\x82\x85\xe3\x81\x86,True,True,False
zheng1216,zheng1216,zheng1216,False,False,False
zoetro,zoetro,zoetro,True,False,True
heilanarchist,heilanarchist,heilanarchist,False,True,False
oyajima,oyajima,oyajima,False,False,False
kajinari,kajinari,Narichika Kajihara,True,True,False
chaba418,chaba418,wn_seko,True,False,True
shigeru,shigeru,IKEDA Shigeru,True,True,False
y100s,y100s,y100s,False,True,False
htk291,htk291,htk291,True,True,True
HaiTo,HaiTo,HaiTo,True,True,True
zerot,zerot,rei_orange,True,False,False
sischkg,sischkg,sischkg,True,False,True
rocca,rocca,dolly,True,True,False
shinkbr,shinkbr,shinkbr,True,False,True
yuyhiraka,yuyhiraka,yuyhiraka,True,False,False
takaaki_kawazoe_7,takaaki_kawazoe_7,takaaki_kawazoe_7,False,True,False
takuya_yamawaki_1,takuya_yamawaki_1,\xe5\xb1\xb1\xe8\x84\x87\xe6\x8b\x93\xe5\x93\x89,False,True,False
t_zak9,t_zak9,t_zak9,True,False,False
mHattori,mHattori,mhattori,False,False,False
Toshihioro_SKK,Toshihioro_SKK,Toshihiro_SKK,True,False,False
nemoto_tadashi,nemoto_tadashi,nemoto_tadashi,False,True,False
kazuhito,kazuhito,kazuhito,True,True,False
htomine,htomine,htomine,True,True,False
noko_k,noko_k,Noriyuki Kazusawa,True,True,True
ksmzn,ksmzn,ksmzn,True,False,False
ItSANgo,ItSANgo,ItSANgo,True,True,True
maiisamai,maiisamai,mais,True,False,False
Nobutaka_S,Nobutaka_S,Nobutaka  SAITO,False,False,True
ozawy,ozawy,ozawy,False,False,False
bugcloud,bugcloud,bugcloud,False,False,True
tokiw,tokiw,tokiw,False,True,False
Typhon666_death,Typhon666_death,Typhon666_death,True,True,False
maruji,maruji,maruji,False,False,False
nekosenbei,nekosenbei,\xe3\x81\xad\xe3\x81\x93\xe3\x81\x9b\xe3\x82\x93\xe3\x81\xb9\xe3\x81\x84,True,False,False
nozomu_furuya,nozomu_furuya,nozomu_furuya,False,True,True
fgfgtkm,fgfgtkm,fgfgtkm,True,False,False
yssg,yssg,yssg,False,False,False
brn0227,brn0227,brn0227,True,True,True
neginegi,neginegi,neginegi,False,False,False
mototsugu_uezono,mototsugu_uezono,mo102u,True,True,False
kflat,kflat,kflat,True,True,False
kaori_morikawa,kaori_morikawa,kaori_morikawa,False,True,True
i0001c48,i0001c48,tatsuhiko-iino,False,False,True
mbc,mbc,Mabuchin,True,True,True
284km,284km,\xe7\xa7\x92\xe9\x80\x9f284km,True,False,True
PiO,PiO,PiO,False,False,False
orange73_m,orange73_m,orange73_m,True,False,False
tomohiro_furukawa_58,tomohiro_furukawa_58,tomohiro_furukawa_58,False,True,False
Kagechan,Kagechan,Kagechan,True,False,False
minnanomames_work,minnanomames_work,minnanomames_work,False,True,False
yuki_shiro_823,yuki_shiro_823,yuki_shiro_823,True,False,False
basaltan,basaltan,y-harachi,True,True,False
SAKAIAtsushi,SAKAIAtsushi,sakaia,False,True,True
urano,urano,urano,False,False,False
watcafe,watcafe,wat,True,False,False
en_akaaa,en_akaaa,Akane Endo,False,True,False
nolick1219,nolick1219,nolick1219,True,False,False
ueki_satoshi,ueki_satoshi,ueki_satoshi,False,True,False
K-mao,K-mao,tama,False,False,False
ookoshi,ookoshi,ookoshi,False,False,False
distkloc,distkloc,distkloc,True,False,True
yuuto_ito,yuuto_ito,uplus,True,False,True
AraiKouki,AraiKouki,AraiKouki,False,True,False
k_fukushima,k_fukushima,k_fukushima,False,True,False
kengoScal,kengoScal,kengoScal,False,True,True
0345,0345,0345,True,False,False
C_Yamamoto,C_Yamamoto,C_Yamamoto,False,True,False
kkamegawa,kkamegawa,kkamegawa,True,True,True
50arashi,50arashi,50arashi,False,True,True
hikaru_ashino,hikaru_ashino,hikaru_ashino,False,True,False
mamo,mamo,mamo,False,False,False
igrekplus,igrekplus,Ryo Nagata,False,True,False
kyotaro_tagawa,kyotaro_tagawa,kyotaro_tagawa,False,True,False
kosaki,kosaki,kosaki,False,False,True
mattsuDev,mattsuDev,matsukurou,True,False,False
h_ogw,h_ogw,ho,False,False,False
tshinchi_0102,tshinchi_0102,takahiro.shinchi,False,False,False
satousy,satousy,satousy,False,False,False
shiv3,shiv3,shiv3,True,False,True
ryosuke_fujihara,ryosuke_fujihara,RYOSUKE_FUJIHARA,True,True,False
GENYA,GENYA,GENYA,True,False,False
tsubao,tsubao,tsubasa,True,True,True
asahima_,asahima_,asahima_,True,False,False
karinckarinc,karinckarinc,Karin,False,True,False
osamtimizer,osamtimizer,osamtimizer,True,False,False
mjima,mjima,mjima,False,True,False
nakira,nakira,\xe3\x81\xaa\xe3\x81\xaa\xe3\x81\x8d\xe3\x82\x89,True,True,True
fuguman,fuguman,\xe3\x81\xb5\xe3\x81\x90\xe3\x81\xbe\xe3\x82\x93,True,True,True
muraccio,muraccio,Toshihiko Muramatsu,False,True,False
fujisakih14,fujisakih14,fuji14,False,False,False
lastyrain,lastyrain,\xe3\x82\x89\xe3\x81\x99\xe3\x81\xa6\xe3\x81\x83,True,True,True
zurausa77,zurausa77,zurausa77,True,False,False
harusame,harusame,harusame,True,False,False
slankdev,slankdev,Hiroki Shirokura (slankdev),True,True,True
Tocyuki,Tocyuki,Tocyuki,True,True,True
meganetaaan,meganetaaan,meganetaaan,True,True,True
tsuchida_kenta,tsuchida_kenta,tsuchida_kenta,False,False,False
naoto_udagawa_58,naoto_udagawa_58,naoto_udagawa_58,False,True,False
kabayaki___,kabayaki___,kabayaki___,True,False,False
h6q2fo,h6q2fo,h6q2fo,False,False,False
click,click,shinkuFencer,True,False,False
pipipipipishi,pipipipipishi,pipipipipishi,True,False,False
kzm0211,kzm0211,kzm0211,True,False,False
macakuxojo,macakuxojo,hojojon,True,False,False
MasatoYoshioka,MasatoYoshioka,Masato Yoshioka,True,False,True
Kuxumarin,Kuxumarin,\xe3\x81\x8f\xe3\x81\x85 - kuxu,True,True,True
ShuheiNagasawa,ShuheiNagasawa,ShuheiNagasawa,True,True,True
nory_kaname,nory_kaname,nory_kaname,True,True,True
mmatthew_43,mmatthew_43,mmatthew_43,True,False,False
nishimu1246,nishimu1246,kaznishi,True,False,True
edwardkenfox,edwardkenfox,Edward Fox,True,True,True
YusukeAbe,YusukeAbe,YusukeAbe,False,True,False
about_hiroppy,about_hiroppy,hiroppy,True,False,True
178inaba,178inaba,178inaba,True,False,True
yamamoto-yuta,yamamoto-yuta,yamamoto_yuta,False,False,True
ekusiek716,ekusiek716,ekusiek716,True,False,False
darai0512,darai0512,darai0512,True,False,False
isshi_i,isshi_i,isshi_i,False,True,False
HiroshiOda,HiroshiOda,Hiroshi Oda,True,True,True
kyrie_leison,kyrie_leison,Yuka Tsuboi,True,True,True
Minato128,Minato128,Minato128,True,False,False
ikuzou,ikuzou,ikuzou,False,False,False
Tomomichi,Tomomichi,o_tomomichi,True,False,True
U1KJ,U1KJ,U1KJ,False,False,False
nrhide,nrhide,nrhide,False,False,True
_ynunokawa,_ynunokawa,_ynunokawa,True,False,True
448xx,448xx,448xx,True,True,False
na0ya,na0ya,na0ya,False,False,True
RyoukenKojima,RyoukenKojima,RyoukenKojima,False,True,False
kotodama048,kotodama048,kotodama048,False,False,False
NobuyukiTanaka,NobuyukiTanaka,NobuyukiTanaka,False,True,False
smaq,smaq,takubon,True,False,False
rsasaki,rsasaki,ryosukes,True,False,True
mage_1868,mage_1868,mage(\xe3\x81\xbe\xe3\x81\x92),True,False,False
takahi5,takahi5,takahi5,True,False,False
OkinaKahiro,OkinaKahiro,\xe3\x81\x8b\xe3\x81\xb2\xe3\x82\x8d,True,True,True
yuketam,yuketam,hiro abe,False,False,True
akihiro-yamaguchi,akihiro-yamaguchi,akihiro-yamaguchi,False,True,False
AKH38,AKH38,AKH38,True,False,False
kajisanster,kajisanster,kajisanster,False,False,False
MegumiNakayama,MegumiNakayama,\xe3\x82\x81\xe3\x82\x8b,True,True,True
pulcinella,pulcinella,AMIHARU  / \xe3\x81\x82\xe3\x81\xbf\xe3\x81\xaf\xe3\x82\x8b,True,False,False
k-matsue,k-matsue,k-matsue,False,True,True
ShuntaTakahashi,ShuntaTakahashi,shunta takahashi,False,True,False
starpos,starpos,starpos,False,False,False
TomohisaKuranari,TomohisaKuranari,TomohisaKuranari,False,True,False
FWD_FUN,FWD_FUN,FWD_FUN,True,False,False
7richi,7richi,YasunariTanaka,True,False,False
MasahikoAriizumi,MasahikoAriizumi,MasahikoAriizumi,False,True,False
katomasa,katomasa,katomasa,False,False,False
Yuki_ss2,Yuki_ss2,Yuki_ss2,False,True,False
KeitaYasui,KeitaYasui,KeitaYasui,False,True,False
YusukeTamura,YusukeTamura,YusukeTamura,True,True,False
crash_academy,crash_academy,tanaka,True,True,False
lacsec,lacsec,lacsec,False,False,True
luokeychen,luokeychen,luo chen,False,False,True
toiroakr,toiroakr,toiroakr,False,False,True
kiririmode,kiririmode,kiririmode,True,True,True
HHK,HHK,HHK,False,False,False
singate,singate,singate,False,True,True
Ryutaro_I,Ryutaro_I,Ryutaro_I,False,False,False
sawa-zen,sawa-zen,Takayoshi Sawada,True,True,True
komacchi,komacchi,komacchi,True,False,False
hikaru__m,hikaru__m,hikaru__m,True,False,True
SMotochi_net,SMotochi_net,nwiizo,True,False,False
TomoyaYokota,TomoyaYokota,TomoyaYokota,False,False,True
tololo_dancer,tololo_dancer,tololo_dancer,True,False,False
takanabe_w,takanabe_w,takanabe_w,True,False,True
RyunosukeSasaki,RyunosukeSasaki,sasaki-r,False,True,False
kaiichiro,kaiichiro,kaiichiro,False,True,False
mt621027,mt621027,mt621027,True,False,False
Korenari_D,Korenari_D,Korenari_D,True,False,True
hosshixi,hosshixi,hosshixi,False,True,False
tyamaguc07,tyamaguc07,tyamaguc07,False,False,True
chchu,chchu,chchu,False,False,False
rava,rava,rava,True,True,False
13044032,13044032,stmtk,True,False,True
hiww,hiww,hiww,True,False,True
tomobk,tomobk,tomobk,False,False,True
nagatakuk,nagatakuk,nagatakuk,True,True,True
K_G,K_G,K_G,False,True,False
naitoy,naitoy,naitoy,False,False,False
mogutan88,mogutan88,mogutan88,True,False,False
YojiShiraki,YojiShiraki,YojiShiraki,False,True,False
AyakoOkamoto,AyakoOkamoto,mochikichi,False,False,False
dtzx,dtzx,dtzx,False,False,False
r3_san,r3_san,r3_san,True,False,False
MasakiOkamoto,MasakiOkamoto,MasakiOkamoto,False,True,False
shibayu36,shibayu36,shibayu36,True,True,False
19kato,19kato,Iku,False,False,True
curryperformer-kato,curryperformer-kato,curryperformer-kato,False,False,False
nsawada,nsawada,nsawada,False,True,False
Hisashi_Iguchi,Hisashi_Iguchi,hisa9chi,True,True,False
NaitoShiomi,NaitoShiomi,\xe3\x81\x97\xe3\x81\x8a\xe3\x81\xbf\xe3\x81\x95\xe3\x82\x93,True,True,False
takashikataoka,takashikataoka,tkata,True,False,False
FuyukoKido,FuyukoKido,FuyukoK,False,True,False
ryota548,ryota548,ryota_koshiba,True,False,True
KazuyaHatsushi,KazuyaHatsushi,k-hatsushi,False,True,False
kerolon,kerolon,kerolon,True,True,True
kunit,kunit,kunit,True,False,False
sigh2,sigh2,sigh2,True,False,False
mori_r5,mori_r5,mori_r5,True,False,False
amdyy,amdyy,amdyy,False,False,False
YoshiteruYoshida,YoshiteruYoshida,YoshiteruYoshida,True,True,True
xzjia,xzjia,xzjia,False,False,False
cy-takeuchi,cy-takeuchi,cy-takeuchi,False,True,False
kanimisokay,kanimisokay,kanimisokay,True,False,False
KoichiroNishijima,KoichiroNishijima,KoichiroNishijima,True,True,True
nannoki,nannoki,nannoki,True,False,False
HajimeYoshizawa,HajimeYoshizawa,HajimeYoshizawa,False,True,False
miyasho88,miyasho88,miyasho88,True,False,False
tinagakii,tinagakii,tinagaki,True,True,True
feb_acchan,feb_acchan,feb_acchan,True,False,False
sivacchi,sivacchi,sivacchi,True,False,False
mgmoymd,mgmoymd,mgmoymd,False,True,False
S-YOU,S-YOU,S-YOU,False,False,True
mitomasan,mitomasan,mitomasan,True,False,False
akaaaaaaaaaaan,akaaaaaaaaaaan,akaaaaaaaaaaan,True,False,False
KenjiroKubota,KenjiroKubota,KenjiroKubota,False,True,True
wenew700ti,wenew700ti,ke.miyata,False,True,False
zawazawa,zawazawa,zawazawa,False,False,False
JunichiMorimoto,JunichiMorimoto,JunichiMorimoto,False,True,False
KoheiMiura,KoheiMiura,KoheiMiura,False,False,False
_a0i,_a0i,_a0i,True,False,False
takkun,takkun,takkun,False,False,False
hrnkoji,hrnkoji,Koji Hirano,True,True,True
KeijiKawashima,KeijiKawashima,KeijiKawashima,False,True,True
mki_skt,mki_skt,sakito,True,False,True
TK1989,TK1989,TK1989,False,False,True
_nabech,_nabech,_nabech,True,False,True
hmaeta,hmaeta,hmaeta,False,False,False
vtec_inte16,vtec_inte16,hideto,True,False,False
dogboyheadset,dogboyheadset,Kazuyo Yamada,False,True,False
YusakuTokunaga,YusakuTokunaga,yusaku,True,False,False
nobu4,nobu4,nobu4,True,False,False
udp_ip,udp_ip,udp_ip,True,False,False
akry,akry,Akira Yokokawa,False,False,True
Mramydnei,Mramydnei,mramydnei,True,True,False
EvanWang,EvanWang,Evan,True,False,False
kino_0000,kino_0000,kino_0000,True,False,False
kuijt,kuijt,Octopus,False,False,False
chan_tk,chan_tk,chan_tk,False,False,False
tsuna,tsuna,tsuna,False,False,False
fightzam3824283,fightzam3824283,fightzam3824283,True,False,False
aloerina_,aloerina_,aloe,True,False,True
happy_hosi,happy_hosi,happy_hosi,True,False,False
mmatsuda11,mmatsuda11,mmatsuda11,True,False,False
2t3,2t3,2t3,False,False,False
_mahata,_mahata,mahata,True,True,True
miyamura,miyamura,miyamura,False,False,False
HN0117,HN0117,HKN,True,True,True
ShojiYamada,ShojiYamada,shoji_yamada,True,True,False
junko_watanabe,junko_watanabe,junko_watanabe,False,False,False
tarojiroro,tarojiroro,tarojiroro,True,False,False
ueokande,ueokande,Shin'ya Ueoka,True,False,True
okadamari,okadamari,okadamari,False,True,False
Shintaro_Yamasaki,Shintaro_Yamasaki,Shintaro_Yamasaki,True,True,True
rush_0523,rush_0523,Kyohei Okabe,False,True,False
i_sanuki,i_sanuki,i_sanuki,True,True,False
rabbit_tail,rabbit_tail,rabbit_tail,False,True,False
TakF,TakF,TakF,False,False,False
kiakiraki,kiakiraki,\xe3\x81\x82\xe3\x81\x8d\xe3\x82\x89\xe3\x81\x8d,True,True,False
continuous-improvement,continuous-improvement,yun,False,False,False
miu924,miu924,YumiKubota,True,True,False
OwenReece,OwenReece,OwenReece,False,False,True
Chibadai,Chibadai,Chibadai,True,True,True
MasamiNamba,MasamiNamba,MN,False,False,False
kuramichi,kuramichi,mmm,False,False,False
ToshifumiImanishi,ToshifumiImanishi,ToshifumiImanishi,False,True,False
mamo53,mamo53,mamo53,False,False,False
kazu3,kazu3,Camel3,False,False,False
masamune1126,masamune1126,masamune1126,False,False,False
littlebraver906,littlebraver906,littlebraver906,False,False,False
mitsuia,mitsuia,mitsuia,False,False,False
sasurau,sasurau,Daiki Ihara,True,True,True
ta1se1,ta1se1,miyagaw61,True,False,False
k_nakahashi,k_nakahashi,nakahashi,True,True,True
stepan_ve,stepan_ve,stepan_ve,True,True,True
sasimaimo,sasimaimo,sasimaimo,False,True,True
kaokao10456,kaokao10456,kaokao10456,False,False,False
dai_tateyama,dai_tateyama,dat,False,True,False
chikashini,chikashini,chikashini,False,True,False
akira6592,akira6592,akira6592,True,False,False
HIROGA,HIROGA,\xe3\x81\x95\xe3\x82\x8f\xe3\x82\x89(Hiroaki Ogasawara),True,True,True
taka_n91,taka_n91,taka_n91,False,True,False
ysay,ysay,ysay,False,True,False
boxer4,boxer4,Takeshi Shiba Haga,True,True,False
ririkku,ririkku,ririkku,False,False,False
expajp,expajp,expajp,True,True,True
yuichi10,yuichi10,yuichi10,False,False,True
enmari,enmari,enmari,False,True,False
YasuhiroInazawa,YasuhiroInazawa,YasuhiroInazawa,True,True,False
masakazu1967,masakazu1967,Masakazu Kobayashi,True,False,True
chukichi,chukichi,chukichi,True,True,False
take_she11,take_she11,chaspy,True,False,True
chihiro141,chihiro141,isicihi,True,True,False
tnk_a3,tnk_a3,tnk_a3,True,False,False
FumikoOba,FumikoOba,FumikoOba,False,True,False
youth_k1120,youth_k1120,youth_k1120,False,True,False
sasaharu,sasaharu,sasaharu,False,False,False
lesson5,lesson5,\xe3\x81\xb2\xe3\x81\x95\xe3\x81\xa3\xe3\x81\xa1,True,True,True
akihir_s,akihir_s,akihir_s,True,False,False
KojiMoriai,KojiMoriai,KojiMoriai,False,True,False
aonuma_ng,aonuma_ng,aonuma_ng,True,False,False
HiroakiImamura,HiroakiImamura,HiroakiImamura,False,True,False
nekotanu0206,nekotanu0206,no1zy,True,False,False
mao_ya,mao_ya,Mao Yamaguchi,True,True,False
SennaAbe,SennaAbe,KFNO\xef\xbc\x88\xe3\x82\xb3\xe3\x83\x95\xe3\x83\x8e\xef\xbc\x89,True,False,False
sakih9,sakih9,saki,False,False,False
tenkoma,tenkoma,tenkoma,True,False,True
sky_jokerxx,sky_jokerxx,sky_jokerxx,True,False,True
arimac,arimac,\xe3\x81\x82\xe3\x82\x8a\xe3\x81\xbe\xe3\x81\xa3\xe3\x81\x8f,False,False,False
RyoheiKurisaki,RyoheiKurisaki,RyoheiKurisaki,False,True,False
Mr_ajapae,Mr_ajapae,egushin,True,True,False
r_furusato,r_furusato,Ryoya Furusato,False,True,False
nbty,nbty,nbty,False,False,False
KenshiroNiioka,KenshiroNiioka,nil0ka,False,False,False
knst001,knst001,knst001,False,False,False
cyokoym,cyokoym,cyoko,True,False,True
TakuyaMizoguchi,TakuyaMizoguchi,\xe3\x82\xb0\xe3\x83\x83\xe3\x83\x81,True,True,True
Muroi_Shimz,Muroi_Shimz,Muroi_Shimz,False,False,False
echodev,echodev,echodev,False,False,False
YoshikiIto,YoshikiIto,YoshikiIto,False,True,True
fujiwara70n,fujiwara70n,fujiwara70n,False,False,False
takeitakuji,takeitakuji,takeitakuji,False,False,True
m_wada,m_wada,r3_wada,False,True,False
koike37,koike37,koike37,False,False,False
DaisakuKobayashi,DaisakuKobayashi,Daisaku Kobayashi,False,True,False
ikeda-keita,ikeda-keita,\xe6\xb1\xa0\xe7\x94\xb0 \xe5\x9c\xad\xe6\xb1\xb0,True,False,False
Nyaokoo,Nyaokoo,Nyaokoo,True,False,False
_Ghostrick_,_Ghostrick_,_Ghostrick_,True,False,False
kazu-hanjuku,kazu-hanjuku,hara@hanjuku,True,True,True
YuyaToida,YuyaToida,YuyaToida,False,True,False
NaokiFujikawa,NaokiFujikawa,NaokiFujikawa,False,True,False
okp,okp,okp,False,False,False
KoheiKurihara,KoheiKurihara,k.kohei,False,True,False
yoshikif1,yoshikif1,yoshikif1,False,False,False
KuntaroIshiyama,KuntaroIshiyama,_iamkuntao,True,True,True
brack1,brack1,brack1,False,True,False
yuugaharada,yuugaharada,yuugaharada,True,False,False
heroesc,heroesc,Hiroshi Otsuka,False,True,False
makoto_ohmura,makoto_ohmura,\xe5\xa4\xa7\xe6\x9d\x91\xe3\x81\x95\xe3\x82\x93,False,True,False
ShioriKabashima,ShioriKabashima,ShioriKabashima,False,True,True
AimiShinohara,AimiShinohara,AimiShinohara,False,True,False
sabazusi0928,sabazusi0928,sabazusi,True,False,False
ogu,ogu,ogu,False,False,False
YasuhiroTakahashi,YasuhiroTakahashi,YasuhiroTakahashi,False,True,False
oldergod,oldergod,Benoit Quenaudon,True,False,True
koma_dai_5,koma_dai_5,koma_dai_5,True,False,False
nozawa,nozawa,nozawa,False,False,False
HiroshiNomura,HiroshiNomura,Hiroshi Nomura,False,False,True
reinyan,reinyan,reinyan,True,False,False
yamazakiatsuya,yamazakiatsuya,a-yamazaki,False,False,True
-0_0-,-0_0-,-0_0-,False,False,False
vash,vash,vash,False,True,False
ndxbn,ndxbn,\xe3\x81\x97\xe3\x81\xa8\xe3\x82\x8a\xe3\x83\xbc,True,False,True
kwmt919,kwmt919,kwmt,True,False,True
SatomiTohyama,SatomiTohyama,SatomiTohyama,False,True,False
tsukakust,tsukakust,tsukakust,False,True,False
SyoheiYamaki,SyoheiYamaki,SyoheiYamaki,False,True,False
NUM2016,NUM2016,NUM2016,False,False,False
moroo,moroo,moro,True,True,True
rokisin,rokisin,rokisin,True,False,False
takiya,takiya,Osamu Takiya,True,False,True
gjb_a,gjb_a,gjb_a,False,False,False
sumida,sumida,sumida,False,False,False
a1125133,a1125133,Takeuchi Naoki,False,True,False
sibazuke,sibazuke,sibazuke,False,False,False
knz21,knz21,kenzo,False,True,True
skawahara,skawahara,skawahara,False,False,False
shimomuraa,shimomuraa,shimomuraa,False,False,False
conroe,conroe,conroe,True,False,False
awdwa,awdwa,awdwa,True,False,False
nikobann,nikobann,nikobann,False,False,False
sakanosv,sakanosv,bonkeenu,True,False,True
oyazi_q9550,oyazi_q9550,oyazi_q9550,True,False,False
el_metal,el_metal,el_hrhm,True,False,False
hkude,hkude,\xe3\x81\xb2\xe3\x82\x8d\xe3\x81\x8f\xe3\x82\x93,True,False,False
aaatoyooka,aaatoyooka,aaatoyooka,True,False,False
YusukeHosonuma,YusukeHosonuma,Yusuke Hosonuma,True,True,True
nnnnotfound,nnnnotfound,nnnnotfound,True,False,False
ryoooooou,ryoooooou,ryoooooou,False,False,True
TakuroHashimoto,TakuroHashimoto,TakuroHashimoto,False,True,False
girlsupw,girlsupw,girlsupw,True,False,False
AsamiNakae,AsamiNakae,kuma.kuma.asamin,False,True,False
TakahiroTsuruda,TakahiroTsuruda,TakahiroTsuruda,False,True,True
topporo,topporo,topporo,False,False,True
OtaYohihiro,OtaYohihiro,ota,False,False,True
hc_kawamura,hc_kawamura,hc_kawamura,False,False,False
MireiOkada,MireiOkada,\xe3\x81\xb8\xe3\x82\x8d\xe3\x81\xb8\xe3\x82\x8d\xe3\x81\xb8\xe3\x82\x8d\xe3\x82\x93,False,True,False
cloudliner,cloudliner,cloudliner,True,True,True
satosh923,satosh923,Satoshi Shibata,True,True,False
ShoNagai,ShoNagai,ShoNagai,True,True,True
kumewata,kumewata,\xe6\xb8\xa1\xe3\x82\x8a\xe9\xb3\xa5,True,True,False
gureko,gureko,gureko,True,False,False
Hiroshi123,Hiroshi123,Hiroshi,False,False,True
hogehoge989,hogehoge989,hogehoge989,False,False,False
MomokoMaeno,MomokoMaeno,MomokoMaeno,False,True,False
time,time,time,False,False,False
flowerrrrrrrr,flowerrrrrrrr,flowerrrrrrrr,False,True,False
fuka08,fuka08,fuka08,False,False,False
AyakaTsuda,AyakaTsuda,AyakaTsuda,False,True,False
kobe,kobe,kobe,True,False,False
uc1214,uc1214,uc1214,True,False,False
mpiyok,mpiyok,mpiyok,True,False,False
mikeshimeji,mikeshimeji,mikeshimeji,True,False,False
MeikoMotobayashi,MeikoMotobayashi,MeikoMotobayashi,False,True,False
m_aono,m_aono,m_aono,True,True,False
issy,issy,issi,False,True,False
k_dot,k_dot,k_dot,False,False,False
shimataro,shimataro,shimataro,False,True,True
akari_masuda,akari_masuda,akari_masuda,False,True,False
dadenCKEP,dadenCKEP,\xe5\xa0\x95\xe9\x9b\xbb,True,False,True
mighty212,mighty212,mighty212,False,True,False
adebadayo,adebadayo,adebadayo,False,False,True
SyuheiSakae,SyuheiSakae,Shuhei Sakae,False,True,False
Kazuaki_Itoh,Kazuaki_Itoh,\xe4\xbc\x8a\xe8\x97\xa4\xe3\x80\x80\xe5\x92\x8c\xe6\x98\x8e,False,True,False
ushishu,ushishu,ushishu,False,False,False
camcam_lemon,camcam_lemon,camcam_lemon,True,False,False
gurisyun,gurisyun,hisamura333,True,False,False
9taro,9taro,9taro,False,False,True
MtIkutea,MtIkutea,MtIkutea,True,False,False
HiroakiTakeyama,HiroakiTakeyama,HiroakiTakeyama,True,True,False
KeigoKamiyama,KeigoKamiyama,KeigoKamiyama,False,True,False
misa-misa,misa-misa,misa,False,False,False
seika0pom,seika0pom,NEKOKO,True,False,False
ore0,ore0,ore0,False,False,False
cookey,cookey,cookey,True,False,False
mnakamur1988,mnakamur1988,\xe4\xb8\xad\xe6\x9d\x91\xe8\xaa\xa0,True,True,False
moto-san,moto-san,moto-san,False,False,False
amanekey,amanekey,amanekey,True,False,True
zawa-zawa,zawa-zawa,kazuaki.ito,False,True,False
m5num5,m5num5,m5num5,True,True,True
TomomiIshida,TomomiIshida,TomomiIshida,False,True,False
ninon1130,ninon1130,ninon1130,False,False,False
Koide-Junko,Koide-Junko,JunkoKoide,False,False,True
Rayline,Rayline,Rayline,False,False,False
cyinely,cyinely,cyinely,False,False,False
yokoyas,yokoyas,yokoyas000,True,False,False
noblues,noblues,noblues,False,True,False
uowoudind5,uowoudind5,uowoudind5,False,False,False
chankengogo,chankengogo,chankengogo,False,False,False
OKP_1007,OKP_1007,OKP_1007,True,False,True
msshrd,msshrd,msshrd,False,False,False
cybozu_recruit,cybozu_recruit,cybozu_recruit,True,True,False
rikuttyann,rikuttyann,rikuttyann,False,False,False
tm_nk,tm_nk,tm_nk,False,False,False
RyosukeIzumi,RyosukeIzumi,RyosukeIzumi,True,True,False
rsha02,rsha02,rsha02,False,False,False
ken321,ken321,ken321,False,True,False
sumito,sumito,sumito,False,False,True
kouichi_watanabe,kouichi_watanabe,kouichi_watanabe,False,False,False
LimingZhao,LimingZhao,LimingZhao,False,True,False
MasanoriKakuya,MasanoriKakuya,MasanoriKakuya,False,True,False
caldwn,caldwn,caldwn,False,True,False
sr1994lu,sr1994lu,shsssskn,False,True,False
TomomiNakagawa,TomomiNakagawa,TomomiNakagawa,False,True,False
sssdsr,sssdsr,sssdsr,False,False,False
kobayashiakl,kobayashiakl,kobayashiakl,False,False,False
PinkSweets,PinkSweets,PinkSweets,False,True,False
ShintaroKajiwara,ShintaroKajiwara,ShintaroKajiwara,False,True,False
RYM_A,RYM_A,RYM_A,False,False,False
naoki62,naoki62,adachi.naoki,False,False,False
caf2for4,caf2for4,caf2for4,True,False,False
nlog2n2,nlog2n2,nlog2n2,False,False,False
moke,moke,moke,False,False,False
onodee,onodee,onodee,False,False,False
south,south,south,False,False,False
Umetaro,Umetaro,Umetaro,False,False,False
soachr,soachr,soachr,False,False,True
OKaYou,OKaYou,OKaYou,False,False,False
frog,frog,frog,False,False,False
shihonak,shihonak,shihonak,False,True,False
taumax,taumax,taumax,True,False,False
junszk,junszk,junszk,False,True,False
SeigoOkazaki,SeigoOkazaki,SeigoOkazaki,False,True,False
panda1647,panda1647,panda1647,False,False,False
yukkyo,yukkyo,yukkyo,True,False,True
masayasu,masayasu,masayasu,False,False,False
sya_m,sya_m,\xe3\x81\x97@\xe3\x82\x80,True,False,True
kagero0915,kagero0915,kagero0915,False,True,False
ShinpeiKaneko,ShinpeiKaneko,ShinpeiKaneko,False,True,False
eure,eure,"eureka, Inc.",False,False,False
N_T,N_T,N_T,False,False,False
wifeofvillon,wifeofvillon,wifeofvillon,True,False,True
TetsuyaMiyawaki,TetsuyaMiyawaki,TetsuyaMiyawaki,False,True,False
rinasan3,rinasan3,rinasan3,True,True,True
s-kono,s-kono,s-kono,False,False,True
saburosan,saburosan,saburosan,False,True,False
lcl-kawabe,lcl-kawabe,lcl-kawabe,False,False,True
flexfrank,flexfrank,Shumpei Akai,False,False,True
mkijima,mkijima,mkijima,False,False,False
LisaMasuda,LisaMasuda,Lisa Oonishi Masuda,False,True,False
IchiroOkamoto,IchiroOkamoto,IchiroOkamoto,False,False,False
atsushiKojima_ami,atsushiKojima_ami,atsushiKojima_ami,False,False,True
motoakim,motoakim,Motoaki Murai,True,True,True
nichida-dn,nichida-dn,nichida-dn,False,False,True
gensaiinfo,gensaiinfo,\xe6\xb8\x9b\xe7\x81\xbd\xe3\x82\xa4\xe3\x83\xb3\xe3\x83\x95\xe3\x82\xa9,True,False,False
Hideue,Hideue,Hideue,False,False,False
yujis67,yujis67,yujis67,False,False,False
MasayaMito,MasayaMito,MasayaMito,False,True,False
shin_akaogi,shin_akaogi,shin_akaogi,False,False,False
TsuyoshiOgawa,TsuyoshiOgawa,\xe5\xb0\x8f\xe5\xb7\x9d\xe3\x80\x80\xe5\x89\x9b,False,True,False
nakai_omochi,nakai_omochi,nakai_omochi,False,False,False
sue1126,sue1126,suem,False,False,False
mohsk,mohsk,mohsk,False,False,False
kstw0127,kstw0127,kstw0127,False,False,False
HAYA0920,HAYA0920,HAYA0920,True,False,False
SAMyURAI,SAMyURAI,SAMyURAI,False,False,False
yoshizawar,yoshizawar,yoshizawar,False,False,False
a_432,a_432,a_432,False,False,False
Mako3,Mako3,Mako3,True,False,False
Saya-M,Saya-M,Saya-M,False,False,False
chara_braunii,chara_braunii,chara,False,False,False
iwannabe01,iwannabe01,iwannabe01,True,False,False
m-nagatsuka,m-nagatsuka,m-nagatsuka,False,False,False
yamashun15,yamashun15,yamashun15,False,False,False
takewaka,takewaka,takewaka,False,True,False
wat_shun,wat_shun,wat_shun,True,False,True
kenchan111,kenchan111,kenchan111,True,False,False
akakou,akakou,akakou,False,False,False
p0n,p0n,p0n,False,True,False
ToshiyukiYoshimura,ToshiyukiYoshimura,ToshiyukiYoshimura,True,True,True
unright,unright,unright,False,False,False
a-nakahigashi,a-nakahigashi,a-nakahigashi,True,False,False
azarashi23,azarashi23,azarashi23,False,False,False
a-data,a-data,b_data\xe5\x95\x8f\xe9\xa1\x8c\xe8\xaa\xbf\xe6\x9f\xbb\xe5\xa7\x94\xe5\x93\xa1\xe4\xbc\x9a,False,False,False
hayato-yamashita,hayato-yamashita,Hayato Yamashita,False,True,True
nagatashinya,nagatashinya,nagatashinya,True,False,True
tsu-,tsu-,tsu_san,False,False,False
KSaka,KSaka,KSaka,False,False,True
cia_rana,cia_rana,cia_rana,True,False,True
yoko3535,yoko3535,yoko3535,False,False,True
Matcha,Matcha,Matcha,False,False,False
taremayu0920,taremayu0920,taremayu0920,False,True,False
jackrabbit,jackrabbit,jackrabbit,False,False,False
HIGE_U,HIGE_U,mitsuo,False,False,False
hiro-14,hiro-14,hiro-14,False,False,False
skyhobbit,skyhobbit,Koshikawa Yasunori,True,True,True
Hiro_1,Hiro_1,Hiro_1,False,False,False
shun_aries,shun_aries,shun,False,False,False
7alice7,7alice7,\xe3\x81\xb9\xe3\x81\xb3\xe3\x81\x83,True,False,False
YumiKishimoto,YumiKishimoto,Yumi.K,False,True,False
kimjs,kimjs,kimjs,False,False,False
IshiguroTeruaki,IshiguroTeruaki,IshiguroTeruaki,False,True,False
root2nd,root2nd,root2nd,False,False,False
ne_ayaka,ne_ayaka,ne_ayaka,False,False,False
darmuck,darmuck,darmuck,False,False,False
superSatoshiKun,superSatoshiKun,superSatoshiKun,True,False,False
YurikoOtsuka,YurikoOtsuka,yuriko.vvv,False,True,False
kkkttt,kkkttt,kkkttt,False,False,False
LDKdiaDKLvHElsP,LDKdiaDKLvHElsP,LDKdiaDKLvHElsP,True,False,False
seven9nrh,seven9nrh,NR.H,False,False,True
swift,swift,swift,False,True,False
KoteElec0320,KoteElec0320,KoteElec0320,True,False,False
rakufo,rakufo,rakufo,True,False,False
maysay1976,maysay1976,maysay1976,False,True,False
tsuemura,tsuemura,tsuemura,False,False,True
yuriiii717,yuriiii717,yuriiii717,False,True,False
toynomo,toynomo,toynomo,False,False,False
sans,sans,konaga,False,False,False
mt_kawabata,mt_kawabata,\xe5\xb7\x9d\xe7\xab\xaf\xe4\xbc\xb8\xe5\xb9\xb8,False,True,False
shymst,shymst,Shunya Yamashita,True,False,True
ttokutake,ttokutake,Tadatoshi Tokutake,False,False,True
Aytak_3,Aytak_3,Aytak_3,False,False,False
ArayanAce,ArayanAce,ArayanAce,False,False,False
Ny212123,Ny212123,Ny212123,False,True,False
toshiyuki-sato,toshiyuki-sato,toshiyuki-sato,False,False,False
kouji,kouji,kouji,False,False,False
arata1203,arata1203,art,False,False,True
saita916,saita916,saita916,False,False,False
bg87,bg87,bg87,False,True,False
morimos,morimos,\xe3\x82\x82\xe3\x82\x8a\xe3\x82\x80\xe3\x81\x97,True,False,True
chapp1e,chapp1e,chapp1e,True,False,False
takayamag,takayamag,takayamag,False,False,True
hikaruuu,hikaruuu,hikaruuu,False,False,False
siaavh20,siaavh20,siaavh20,True,False,False
kobase16,kobase16,zzz,False,False,False
eggsystem,eggsystem,EGG SYTEM,True,True,False
GoSagawa,GoSagawa,Go Sagawa,True,True,True
RyousukeMochizuki,RyousukeMochizuki,RyousukeMochizuki,False,True,False
genki_matsubara,genki_matsubara,genki_matsubara,True,True,False
yuta-mizogami,yuta-mizogami,yuta-mizogami,False,True,False
yamami7589,yamami7589,\xe3\x83\xa4\xe3\x83\x9e\xe3\x83\x9f,False,False,False
kuma123,kuma123,kuma123,False,False,False
KazumaSaitoh,KazumaSaitoh,KazumaSaitoh,True,True,False
keitaroutakahashi,keitaroutakahashi,keitaroutakahashi,False,False,True
YujiOzawa,YujiOzawa,YujiOzawa,True,True,False
kaeken,kaeken,kaeken,True,True,False
mana123,mana123,eri,True,False,True
tatsurosoga,tatsurosoga,tatsurosoga,True,False,False
toshi1127,toshi1127,\xe6\x9d\xbe\xe6\x9c\xac\xe9\xa7\xbf,True,True,True
ShuheiShinzaki,ShuheiShinzaki,ShuheiShinzaki,False,True,False
35ki,35ki,35ki,True,False,True
ShomaYamamoto,ShomaYamamoto,shoma,True,True,True
KanMatsushita,KanMatsushita,KanMatsushita,False,True,False
TomoakiYoshida,TomoakiYoshida,TomoakiYoshida,False,True,False
hiro4610,hiro4610,hiro4610,True,True,False
dododo8m,dododo8m,dododo8m,False,False,True
AkikoKusuda,AkikoKusuda,AkikoKusuda,False,True,False
libra189,libra189,Libra189,False,False,True
minto_yamaguchi,minto_yamaguchi,minto_yamaguchi,False,False,False
ak1210,ak1210,ak1210,False,False,False
masamune123,masamune123,masamune123,False,False,False
seaurchin,seaurchin,seaurchin,False,False,True
t_ngym,t_ngym,t_ngym,False,False,False
KiyotoshiOba,KiyotoshiOba,KiyotoshiOba,False,True,False
yuta111,yuta111,yuta111,False,False,False
proelbtn,proelbtn,\xe3\x81\x88\xe3\x82\x8b\xe3\x81\xa8,True,True,True
Inoue0129,Inoue0129,\xe4\xba\x95\xe4\xb8\x8a,True,False,False
KentaSato,KentaSato,KentaSato,False,True,False
uramot,uramot,uramot,False,False,True
RyoichiroSato,RyoichiroSato,RyoichiroSato,False,True,False
mela_bm,mela_bm,mela_bm,False,False,False
surumebeer,surumebeer,surumebeer,False,False,True
arioriop,arioriop,arioriop,False,False,False
RieNakanishi,RieNakanishi,RieNakanishi,False,True,False
tei2213,tei2213,tei2213,True,False,False
okash1n,okash1n,Shintaro Okamura,True,True,True
m-ma2e,m-ma2e,m-ma2e,False,False,False
CW_UDG,CW_UDG,CW_UDG,False,False,False
seriincali,seriincali,Seri Miyazaki,True,True,True
stakumi,stakumi,stakumi,False,False,False
asami1015,asami1015,asami1015,False,False,False
v9z,v9z,v9z,True,False,False
MasahiroMochimaru,MasahiroMochimaru,MasahiroMochimaru,False,True,False
myajiri,myajiri,myajiri,False,False,True
ok03,ok03,ok03,False,False,False
DaisukeNiida,DaisukeNiida,DaisukeNiida,False,True,False
taka-hide,taka-hide,taka-hide,False,False,False
kimura_m,kimura_m,kimura_m,False,False,False
ryuji-kaku,ryuji-kaku,kaku,False,False,True
user_name2018,user_name2018,Taishi FUJIMOTO,True,True,False
kokit,kokit,kokit,False,False,False
Akaiwa,Akaiwa,Akaiwa,False,False,False
chmv71,chmv71,hirapi,True,False,False
bonzonishy,bonzonishy,bonzonishy,False,False,True
issei_yamanaka,issei_yamanaka,issei_yamanaka,False,False,False
Aki-Jpn,Aki-Jpn,Aki-Jpn,False,False,True
mhattxri,mhattxri,mhattxri,True,False,False
haruranman,haruranman,haruranman,False,False,True
TaiseiMima,TaiseiMima,mima,False,True,False
AlliMaki,AlliMaki,AlliMaki,False,False,False
BhagyaPerera,BhagyaPerera,BhagyaPerera,True,True,True
takashi19937,takashi19937,takashi19937,False,False,False
Yasunori-Yamashita,Yasunori-Yamashita,Yasunori-Yamashita,False,True,False
motxx,motxx,moti,False,False,True
14km_,14km_,14km_,True,True,False
kanako035833,kanako035833,kanako035833,True,False,False
dai1080,dai1080,dai1080,False,False,False
higano,higano,higano,False,False,True
charamer,charamer,\xe3\x81\x8b\xe3\x82\x89\xe3\x81\xbe\xe3\x83\xbc,False,True,False
ayuay46,ayuay46,ayuay46,True,False,False
azujuuuuuun,azujuuuuuun,jun,False,False,True
Kyom216,Kyom216,\xe3\x81\x8d\xe3\x82\x87\xe3\x83\xbc,True,True,False
SN24sw,SN24sw,SN24sw,False,True,False
enshin,enshin,enshin,True,False,False
Shibafumi,Shibafumi,\xe6\x9f\xb4\xe5\x8f\x88\xe6\x96\x87\xe4\xb9\x9f,True,False,False
SachioKonno,SachioKonno,SachioKonno,False,True,False
5um1da,5um1da,5um1da,True,False,False
k-Kawai-k,k-Kawai-k,k-Kawai-k,False,False,False
yukini,yukini,yukini,False,True,True
__okayu,__okayu,__okayu,True,False,True
Three4C,Three4C,Three4C,False,True,False
pon30,pon30,pon30,False,False,False
aakk,aakk,aakk,False,False,False
s-suzuki-,s-suzuki-,s-suzuki-,False,False,False
OohiraTakeharu,OohiraTakeharu,OohiraTakeharu,False,True,False
tanama,tanama,mild_tanama,True,False,True
ryota_ueki,ryota_ueki,ryou,False,True,False
y-yauchi,y-yauchi,y-yauchi,False,False,True
podcroco,podcroco,pod,False,False,True
momoirospanner,momoirospanner,momoirospanner,False,False,True
icebird009,icebird009,icebird009,True,False,False
great_tower,great_tower,great_tower,False,True,False
BcxlF,BcxlF,BcxlF,True,False,False
pomera,pomera,pomera,False,False,False
h-moriyama,h-moriyama,h-moriyama,False,False,True
imikoa,imikoa,imikoa,False,False,False
sakumh2017,sakumh2017,sakumh2017,False,False,False
nitt_san,nitt_san,nitt_san,False,False,False
isonot,isonot,isonot,False,False,True
yamashiii039,yamashiii039,\xe3\x82\x84\xe3\x81\xbe\xe3\x81\x97,True,False,False
matamatak,matamatak,matamatak,True,False,True
nanami92,nanami92,nanami92,False,False,False
YusukeKubo,YusukeKubo,YusukeKubo,True,True,False
Aqua_ix,Aqua_ix,Soichi Ikebe,True,True,True
sst-hr,sst-hr,sst-hr,False,True,False
a_sugar28,a_sugar28,ai,True,False,False
yrettty,yrettty,yrettty,False,False,False
ecco,ecco,ecco,False,False,False
ymt193,ymt193,ymt193,False,False,True
TomohiroNitta,TomohiroNitta,TomohiroNitta,False,True,False
minorurider,minorurider,minorurider,True,True,False
YuuSatoh,YuuSatoh,yu sato,False,False,True
bond,bond,bond,False,True,False
nahomood,nahomood,\xe3\x81\xab\xe3\x82\x89\xe3\x81\x9f\xe3\x81\xbe\xe3\x81\xaa\xe3\x81\xa3\xe3\x81\xa1\xe3\x82\x87,False,False,False
leaves_thought,leaves_thought,leaves_thought,True,False,False
nodat,nodat,noda,False,False,False
mamu_sfl,mamu_sfl,mamu_sfl,True,False,False
tenderness330,tenderness330,tenderness330,True,False,False
NatsukiUesako,NatsukiUesako,NatsukiUesako,False,True,False
Waffle00,Waffle00,Waffle00,False,False,False
southavem,southavem,southavem,True,False,True
yosuke_suzuki_190,yosuke_suzuki_190,yosuke_suzuki_190,False,False,False
sanou,sanou,sanou,True,True,True
vanvan,vanvan,vanvan,False,False,False
yokot,yokot,yokot,False,False,False
HirofumiMizoue,HirofumiMizoue,H-Mizoue,False,False,False
meiiiii,meiiiii,meiiiii,False,False,False
TohruTakakura,TohruTakakura,TohruTakakura,False,True,False
tsuyuguchi,tsuyuguchi,tsuyuguchi,False,False,False
nhori0123,nhori0123,nhori0123,False,False,True
YoshitadaKomatsu,YoshitadaKomatsu,YoshitadaKomatsu,False,True,False
ogr,ogr,ogr,False,False,False
Garcat,Garcat,Garcat,False,False,False
Onigiri0124,Onigiri0124,Onigiri0124,False,False,True
maimai101,maimai101,maimai101,True,True,False
TsubasaShuki,TsubasaShuki,TsubasaShuki,False,True,False
k-okamo,k-okamo,okamo,False,False,True
Reo-ishiyama,Reo-ishiyama,\xe7\x9f\xb3\xe5\xb1\xb1\xe6\x80\x9c\xe7\x94\x9f,False,False,True
MANDARA555,MANDARA555,MANDARA555,True,False,False
chick-p,chick-p,chick-p,False,False,False
jumpei-otsuka,jumpei-otsuka,jumpei-otsuka,False,False,False
koko16,koko16,koko16,False,False,False
JunYatani,JunYatani,\xe7\x9f\xa2\xe8\xb0\xb7\xe6\xb7\xb3,False,True,False
tanakamaikeru,tanakamaikeru,tanakamaikeru,True,False,False
muno_601,muno_601,muno_601,True,False,False
akiya_reina,akiya_reina,\xe7\xa7\x8b\xe5\xbd\xa6,False,False,False
okosiyas,okosiyas,okosiyas,False,False,False
nakano1208,nakano1208,nakano1208,True,False,False
